Genre,Count
rap,774
pop,614
hip hop,584
pop rap,525
dance pop,504
trap,493
r&b,444
southern hip hop,441
urban contemporary,411
contemporary r&b,324
soft rock,289
rock,283
dirty south rap,282
gangster rap,280
country,253
atl hip hop,250
country road,243
classic rock,239
hip pop,223
new wave pop,221
mellow gold,219
singer-songwriter,216
contemporary country,212
album rock,211
east coast hip hop,197
soul,192
hard rock,182
classic soul,179
country rock,177
disco,169
quiet storm,168
new jack swing,165
edm,156
new romantic,148
southern soul,144
funk,143
synthpop,142
folk rock,140
hardcore hip hop,135
alternative metal,135
pop dance,134
heartland rock,133
new wave,133
alternative rock,131
post-grunge,118
permanent wave,115
adult standards,115
glam metal,111
pop rock,110
melodic rap,108
motown,107
metal,105
post-disco,103
rock-and-roll,101
pop punk,101
classic country pop,100
nu metal,100
folk,100
doo-wop,99
blues rock,99
miami hip hop,99
bubblegum pop,94
punk,92
modern rock,89
post-teen pop,89
crunk,89
jazz,88
indietronica,88
canadian pop,87
neo soul,87
classical,86
mpb,85
yacht rock,85
filmi,84
electro house,81
british blues,81
west coast rap,80
conscious hip hop,80
classic garage rock,79
psychedelic rock,79
blues,78
chicago rap,75
urbano latino,75
latin pop,75
bossa nova,73
rhythm and blues,72
indie rock,70
reggaeton,70
old school atlanta hip hop,69
samba,69
opm,68
bebop,67
traditional blues,67
easy listening,67
country dawn,66
modern country rock,66
southern rock,65
art pop,64
neo mellow,64
freestyle,64
vocal jazz,63
neon pop punk,62
viral rap,62
melodic metalcore,62
queens hip hop,62
death metal,62
tropical house,61
g funk,61
rockabilly,60
electronica,60
speed metal,60
jazz funk,59
contemporary post-bop,59
black metal,58
jazz saxophone,58
lilith,58
p funk,58
old school hip hop,58
thrash metal,57
trap latino,57
chanson,56
compositional ambient,56
boy band,55
progressive rock,55
eurodance,55
classic uk pop,55
ranchera,54
hardcore punk,54
electric blues,54
pov: indie,53
hip house,52
philly soul,52
metalcore,52
art rock,51
power metal,51
girl group,51
power pop,51
dance rock,51
classic canadian rock,50
afropop,48
glam rock,48
nashville sound,48
post-punk,48
experimental rock,47
sophisti-pop,46
protopunk,46
british invasion,46
bluegrass,46
soundtrack,46
noise pop,46
trap queen,45
pinoy hip hop,45
velha guarda,45
brutal death metal,45
reggae fusion,45
post-hardcore,45
northern soul,44
jazz piano,44
merseybeat,44
brill building pop,44
banjo,43
jazz trumpet,43
contemporary classical,43
industrial metal,43
experimental,43
chicago soul,42
chamber pop,42
alt z,42
smooth jazz,42
german techno,42
chicago blues,42
britpop,41
detroit hip hop,41
emo,41
memphis soul,41
musica mexicana,41
new orleans rap,41
slap house,40
uk pop,40
canadian hip hop,40
avant-garde,40
progressive electro house,39
symphonic rock,39
big room,39
brostep,39
cantautor,39
neo-synthpop,39
screamo,39
uk post-punk,39
downtempo,38
uk dance,38
modern bollywood,38
indian classical,38
europop,38
electropop,38
piano rock,37
toronto rap,37
philly rap,37
early modern classical,37
trip hop,37
orchestral soundtrack,37
desi pop,37
progressive bluegrass,37
skate punk,37
old school thrash,36
deathcore,36
house,36
intelligent dance music,36
deathgrind,36
technical death metal,36
diva house,36
hard bop,36
classic oklahoma country,36
melancholia,36
cali rap,36
norteno,36
metropopolis,35
tagalog rap,35
symphonic metal,35
library music,35
golden age hip hop,34
ebm,34
ska,34
progressive house,33
beatlesque,33
alternative dance,33
country blues,33
dream pop,32
laboratorio,32
novelty,32
soul jazz,32
german metal,32
latin alternative,32
broadway,32
roots rock,32
minneapolis sound,32
garage rock,31
ambient,31
acoustic blues,31
memphis hip hop,31
outlaw country,31
australian rock,31
candy pop,31
reggae,31
vintage italian soundtrack,31
deep adult standards,30
free jazz,30
zolo,30
bronx hip hop,30
alternative r&b,30
crossover thrash,30
deep house,30
industrial rock,30
gospel,30
drone,30
shoegaze,30
latin hip hop,30
lounge,30
background music,30
industrial,29
pop r&b,29
dutch house,29
proto-rap,29
grunge,29
instrumental bluegrass,28
classic girl group,28
swing,28
instrumental rock,28
lo-fi,28
world,28
german dance,28
jazz guitar,28
glitch hop,28
ccm,27
funk metal,27
alternative hip hop,27
pagode,27
carnatic,27
christian music,27
gothic rock,27
american folk revival,27
avant-garde jazz,27
classic soundtrack,27
sunshine pop,27
krautrock,27
hardcore techno,26
vapor trap,26
western swing,26
hi-nrg,26
german pop,26
modern blues rock,26
harmonica blues,26
soul blues,26
rock en espanol,26
classic bollywood,26
dark wave,26
christian alternative rock,26
dixieland,26
movie tunes,26
jazz fusion,26
hardcore,25
indie pop rap,25
australian pop,25
roots reggae,25
ectofolk,25
jazz blues,25
funk rock,25
bubble trance,25
talent show,25
miami bass,25
jam band,25
new orleans jazz,25
baroque pop,25
classic house,25
viral pop,25
hollywood,25
australian dance,25
afrobeats,25
space age pop,24
minimalism,24
modern alternative rock,24
delta blues,24
modern blues,24
electro-industrial,24
canadian metal,24
british soul,24
argentine rock,24
grindcore,24
futurepop,24
post-romantic era,24
slowed and reverb,24
worship,24
mexican rock,23
classic texas country,23
dfw rap,23
stomp and holler,23
indonesian viral pop,23
christian metal,23
progressive metal,23
french rock,23
black thrash,23
outsider,23
harlem hip hop,23
idol,23
pop nacional antigas,23
surf music,23
dancehall,23
trova,23
deep disco,23
nu jazz,23
indie soul,22
emo rap,22
freakbeat,22
cyberpunk,22
focus,22
aggrotech,22
dance-punk,22
cool jazz,22
atmosphere,22
funk carioca,22
lo-fi beats,22
noise rock,22
chicago punk,22
banda,22
complextro,22
canadian singer-songwriter,22
salsa,22
djent,22
nueva cancion,21
nyhc,21
acousmatic,21
swedish metal,21
show tunes,21
hands up,21
pub rock,21
oakland hip hop,21
french pop,21
bolero,21
ecm-style jazz,20
escape room,20
jazz trio,20
brazilian jazz,20
trance,20
new rave,20
mexican rock-and-roll,20
mexican pop,20
doom metal,20
spanish new wave,20
minimal wave,20
louisiana blues,20
rap metal,20
bboy,20
electronic trap,20
chicano rap,19
covertronica,19
nigerian pop,19
pop edm,19
canadian rock,19
rocksteady,19
acoustic pop,19
gothic metal,19
arkansas country,19
afrobeat,19
big band,19
pixie,19
symphonic black metal,19
british folk,19
wonky,19
atl trap,19
american contemporary classical,19
experimental pop,19
nederpop,19
j-pop,19
future garage,19
chicago house,19
groove metal,19
bluegrass gospel,18
underground power pop,18
meme rap,18
fourth world,18
comic,18
orgcore,18
ye ye,18
nova canco,18
pop emo,18
french soundtrack,18
jazz rap,18
mambo,18
proto-metal,18
german power metal,18
viral trap,18
boston rock,18
acid house,18
spiritual jazz,18
indie pop,18
late romantic era,18
chillhop,18
spanish pop,18
austindie,18
battle rap,17
latin rock,17
brega,17
electrofox,17
norwegian metal,17
k-pop,17
puerto rican pop,17
folk punk,17
political hip hop,17
electro,17
traditional country,17
st louis rap,17
british soundtrack,17
j-rock,17
melodic hardcore,17
jangle pop,17
psychobilly,17
vintage french electronic,17
pinoy r&b,17
violao,17
filter house,16
jovem guarda,16
21st century classical,16
melodic death metal,16
grupera,16
anime,16
new americana,16
no wave,16
flamenco,16
new jersey rap,16
vocal house,16
barbadian pop,16
poetry,16
straight edge,16
us power metal,16
country gospel,16
gabber,16
bow pop,16
jazztronica,16
norwegian black metal,16
memphis blues,16
ohio hip hop,16
florida rap,16
hammond organ,16
easycore,15
instrumental soul,15
steampunk,15
ska punk,15
celtic rock,15
ghazal,15
vintage jazz,15
deep talent show,15
latin jazz,15
canadian indie,15
dutch edm,15
madchester,15
classic thai pop,15
deep soft rock,15
british jazz,15
shred,15
pinoy trap,15
funk mtg,15
torch song,15
greek metal,15
neofolk,15
polish jazz,15
houston rap,15
canadian contemporary r&b,15
electro swing,15
spytrack,15
crust punk,15
dub,15
carnatic instrumental,15
lgbtq+ hip hop,15
jazz organ,15
virginia hip hop,15
folk-pop,14
post-metal,14
minimal techno,14
instrumental funk,14
north carolina hip hop,14
acid rock,14
cosmic american,14
danspunk,14
carnatic vocal,14
rare groove,14
blackgaze,14
epicore,14
atlanta bass,14
instrumental surf,14
brazilian rock,14
tropical,14
neo classical metal,14
calypso,14
neo-psychedelic,14
alternative country,14
swamp rock,14
gothic symphonic metal,14
emo punk,14
abstract,14
orchestra,14
tennessee hip hop,14
danish metal,14
new orleans blues,14
new orleans soul,14
ska revival,14
spanish metal,14
british experimental,14
rap rock,14
anarcho-punk,14
avant-garde metal,14
swedish pop,14
german rock,14
stoner rock,13
rumba,13
proto-techno,13
grave wave,13
tropicalia,13
country pop,13
futuristic swag,13
canadian punk,13
future funk,13
underground hip hop,13
asmr,13
filthstep,13
boogaloo,13
birmingham metal,13
vocal harmony group,13
mollywood,13
tape club,13
footwork,13
desi hip hop,13
instrumental hip hop,13
south carolina hip hop,13
colombian pop,13
dutch rock,13
indie poptimism,13
piedmont blues,13
swedish electropop,13
acid jazz,13
comic metal,13
dark cabaret,13
stoner metal,13
mariachi,13
canadian country,13
moombahton,13
classic french pop,13
cancion melodica,13
glitch,13
solo wave,13
afrofuturism,13
power-pop punk,12
bedroom pop,12
samba-rock,12
neoclassical darkwave,12
boston hardcore,12
impressionism,12
contemporary jazz,12
deep freestyle,12
piano blues,12
children's music,12
christian hip hop,12
french indie pop,12
gothenburg metal,12
supergroup,12
boston hip hop,12
techno,12
sleaze rock,12
contemporary vocal jazz,12
chillwave,12
happy hardcore,12
nwobhm,12
italian disco,12
latin arena pop,12
mizrahi,12
synth funk,12
texas blues,12
uk82,12
big beat,12
cello,12
ethereal wave,12
jazz violin,12
p-pop,12
hyphy,12
norwegian jazz,12
art punk,12
xenharmonic,12
instrumental post-rock,12
early french punk,12
go-go,12
classical performance,11
canadian electronic,11
chill lounge,11
nintendocore,11
nyc rap,11
nu disco,11
swedish jazz,11
neo-classical,11
swamp pop,11
french metal,11
british industrial,11
azontobeats,11
indorock,11
brazilian soul,11
exotica,11
traditional folk,11
samba-enredo,11
alternative pop,11
brooklyn indie,11
nwothm,11
detroit rock,11
cowboy western,11
neoclassicism,11
sertanejo universitario,11
psicodelia brasileira,11
mandolin,11
early romantic era,11
baroque,11
jawaiian,11
atmospheric black metal,11
psychedelic soul,11
german punk,11
cartoon,11
axe,11
harlem renaissance,11
disco house,11
double drumming,11
operatic pop,11
latin metal,11
midwest emo,11
irish rock,11
french indietronica,11
modern indie pop,11
punk blues,11
mexican classic rock,11
reggaeton colombiano,11
austrian metal,11
classic pakistani pop,11
rune folk,11
microhouse,11
classic opm,11
beach music,11
slowcore,11
pop soul,10
sludge metal,10
souldies,10
funk mandelao,10
christian punk,10
pop romantico,10
anthem emo,10
rap latina,10
riot grrrl,10
aesthetic rap,10
scottish rock,10
chaotic hardcore,10
punk 'n' roll,10
drone folk,10
dutch pop,10
socal pop punk,10
gospel rap,10
swedish synthpop,10
elephant 6,10
dark pop,10
christian rock,10
rock nacional,10
post-rock,10
electropowerpop,10
punjabi pop,10
dmv rap,10
american modern classical,10
bhangra,10
bass house,10
drone metal,10
comedy,10
early reggae,10
black 'n' roll,10
italian opera,10
folk metal,10
sad rap,10
chillstep,10
otacore,10
french synthpop,10
c86,10
brit funk,10
world worship,10
trap soul,10
early music,10
chopped and screwed,10
serialism,10
indie folk,10
florida drill,9
chicago indie,9
drill and bass,9
pagan black metal,9
funk viral,9
viking metal,9
chicago bop,9
modern jazz trio,9
swedish black metal,9
dangdut remix,9
bounce,9
melodic deathcore,9
melbourne bounce international,9
classic israeli pop,9
scandipop,9
funk rj,9
electro jazz,9
sound art,9
deep new wave,9
j-poprock,9
synthwave,9
cyber metal,9
brazilian punk,9
social media pop,9
dark hardcore,9
florida death metal,9
finnish death metal,9
cumbia sonidera,9
swedish death metal,9
epic doom,9
hurdy-gurdy,9
liedermacher,9
soca,9
celtic,9
jump blues,9
spanish invasion,9
bakersfield sound,9
sertanejo,9
black americana,9
latin afrobeat,9
moog,9
austropop,9
free improvisation,9
italian romanticism,9
early us punk,9
a cappella,9
post-disco soul,9
jazz clarinet,9
electric bass,9
rock catala,9
mod revival,9
musique concrete,9
appalachian folk,9
german hard rock,8
math rock,8
nu gaze,8
chutney,8
new age,8
classic praise,8
experimental ambient,8
cante flamenco,8
new beat,8
flamenco guitar,8
lovers rock,8
hare krishna,8
canadian hardcore,8
brazilian death metal,8
cowpunk,8
german thrash metal,8
welsh rock,8
uk doom metal,8
brazilian metal,8
shibuya-kei,8
neo-trad metal,8
afro-funk,8
bubblegum dance,8
jamgrass,8
emocore,8
neue deutsche welle,8
nouvelle chanson francaise,8
yodeling,8
depressive black metal,8
gospel r&b,8
french reggae,8
german romanticism,8
country rap,8
dubstep,8
old-time,8
jazz drums,8
ambient worship,8
shimmer pop,8
la indie,8
cloud rap,8
canadian trap,8
pittsburgh rap,8
classical era,8
seattle hip hop,8
electra,8
abstract beats,8
australian electropop,8
new weird america,8
cymraeg,8
boston metal,8
indie hip hop,8
french punk,8
death 'n' roll,8
rock drums,8
swedish doom metal,8
sad lo-fi,8
australian metal,8
reggaeton flow,8
classic schlager,8
south african jazz,8
dansband,8
british contemporary classical,8
hyperpop,8
rock keyboard,8
future house,8
acoustic punk,8
christian hardcore,8
glam punk,8
scottish new wave,8
modern power pop,8
metal guitar,8
goregrind,7
kabarett,7
anti-folk,7
australian hip hop,7
synthesizer,7
norwegian pop,7
funk paulista,7
bachata,7
dark trap,7
sufi,7
queercore,7
brazilian black metal,7
sped up,7
drill,7
california hardcore,7
ethio-jazz,7
arrocha,7
deep happy hardcore,7
gbvfi,7
sky room,7
autonomous black metal,7
musica tradicional cubana,7
stride,7
argentine punk,7
german house,7
rap dominicano,7
experimental hip hop,7
austro-german modernism,7
uk hip hop,7
baton rouge rap,7
samba-jazz,7
irish folk,7
rock urbano mexicano,7
brega funk,7
comedy rap,7
uk experimental electronic,7
german black metal,7
finnish melodeath,7
italian library music,7
modern dream pop,7
ballet class,7
norwegian experimental,7
opera,7
italo dance,7
boston punk,7
philly indie,7
jamaican dancehall,7
bouncy house,7
vintage broadway,7
fingerstyle,7
oi,7
copla,7
progressive metalcore,7
jamaican ska,7
mississippi hip hop,7
rock nacional brasileiro,7
j-metal,7
melodic metal,7
finnish metal,7
medieval rock,7
hindustani classical,7
australian alternative rock,7
reggae rock,7
future ambient,7
classic psychedelic rock,7
plugg,7
british modern classical,7
partido alto,7
finnish power metal,7
melodic dubstep,7
pop nacional,7
tin pan alley,7
alternative emo,7
float house,7
rage rap,7
russian romanticism,7
vapor twitch,7
livetronica,7
manila sound,7
future rock,7
pastoral,7
honky tonk,7
hawaiian,7
uk funky,7
kawaii future bass,7
detroit house,7
medieval folk,7
sitar,7
etherpop,7
martial industrial,7
gymcore,7
pirate,7
detroit techno,6
brazilian punk rock,6
smooth saxophone,6
space rock,6
french romanticism,6
veena,6
trancecore,6
dc hardcore,6
weirdcore,6
old school dancehall,6
celtic punk,6
jazz quartet,6
british death metal,6
brazilian thrash metal,6
orthodox chant,6
electronic rock,6
garage house,6
broken beat,6
nova mpb,6
canadian pop punk,6
indie surf,6
visual kei,6
deep classic garage rock,6
mande pop,6
post-minimalism,6
la pop,6
hungarian rock,6
french black metal,6
k-pop boy group,6
basshall,6
hard alternative,6
dreamo,6
dunedin sound,6
euroska,6
deep disco house,6
theme,6
australian country,6
canterbury scene,6
musica popular paraense,6
berlin school,6
bass music,6
rap kreyol,6
redneck,6
ostrock,6
uk metalcore,6
rave,6
tzadik,6
teen pop,6
japanese vgm,6
italian jazz,6
traditional rockabilly,6
dembow,6
pinoy alternative rap,6
healing,6
italian soundtrack,6
meditation,6
jazz orchestra,6
indian violin,6
lo-fi cover,6
german trance,6
vegan straight edge,6
german indie,6
hypnagogic pop,6
dutch trance,6
anthem worship,6
deep punk rock,6
antideutsche,6
brazilian indie,6
christian a cappella,6
scottish indie,6
nigerian hip hop,6
tejano,6
indie garage rock,6
deep christian rock,6
italian new wave,6
german jazz,6
usbm,6
uplifting trance,6
chilean metal,6
gen z singer-songwriter,6
sleep,6
westcoast flow,6
new jersey hardcore,6
mathcore,6
american metalcore,6
sierreno,6
rock andaluz,6
baiao,6
azonto,6
psychedelic blues-rock,6
gruperas inmortales,6
deep tropical house,6
modern folk rock,6
opera metal,6
italian progressive rock,6
traditional bluegrass,5
nordic contemporary classical,5
swedish alternative rock,5
spanish punk,5
latin classical,5
hard trance,5
atmospheric doom,5
deathrash,5
folklore argentino,5
pixel,5
new age piano,5
breakbeat,5
american grindcore,5
avant-garde black metal,5
modern jazz piano,5
geek rock,5
jungle,5
corrido,5
brazilian boogie,5
deep east coast hip hop,5
bitpop,5
soulful house,5
brass band,5
swedish melodeath,5
roots worship,5
technical deathcore,5
classic j-rock,5
indie punk,5
viking black metal,5
collage pop,5
progressive jazz fusion,5
italian baroque,5
gothic black metal,5
mexican metal,5
seattle indie,5
folktronica,5
new orleans funk,5
black speed metal,5
brazilian hardcore,5
experimental guitar,5
scorecore,5
texas latin rap,5
canadian celtic,5
norwegian doom metal,5
oxford indie,5
hindustani instrumental,5
electroacoustic composition,5
british grindcore,5
alberta country,5
substep,5
lagu timur,5
classic swedish pop,5
glitchcore,5
garage rock revival,5
trash rock,5
straight-ahead jazz,5
violin,5
swedish hardcore,5
french hip hop,5
traditional ska,5
german ska,5
cuban rumba,5
vancouver punk,5
hamburg electronic,5
jazz rock,5
russian modern classical,5
meme,5
panamanian pop,5
deep contemporary country,5
countrygaze,5
italian metal,5
dark rock,5
neo-trad doom metal,5
finnish doom metal,5
alabama rap,5
emotional black metal,5
funeral doom,5
small room,5
bubblegrunge,5
geek folk,5
samba moderno,5
chill r&b,5
salsa puertorriquena,5
neo metal,5
deep underground hip hop,5
flute rock,5
vaporwave,5
chicago pop punk,5
french death metal,5
symphonic deathcore,5
russelater,5
drum and bass,5
belgian dance,5
new wave of thrash metal,5
instrumental math rock,5
american primitive,5
k-pop girl group,5
pluggnb,5
chilean rock,5
darksynth,5
jazz vibraphone,5
funk pop,5
funk ostentacao,5
funk das antigas,5
christian power metal,5
abstract hip hop,5
latin christian,5
psychedelic folk,5
classic dubstep,5
ambient techno,5
melodic thrash,5
australian indie,5
malian blues,5
afroswing,5
chicago hardcore,5
portland punk,5
british black metal,5
french jazz,5
german soundtrack,5
spectra,5
bahamian pop,5
early synthpop,5
melodic hard rock,5
new york death metal,5
norwegian rock,5
frankfurt electronic,5
nu age,5
ambient idm,5
olympia wa indie,5
truck-driving country,5
french shoegaze,5
symphonic power metal,5
deep chill,5
native american,5
swedish indie rock,5
symphonic death metal,5
funk bh,5
rock gaucho,5
slow game,5
synth punk,5
glee club,5
manguebeat,4
hungarian metal,4
austrian contemporary classical,4
bolero mexicano,4
garage punk blues,4
gaming edm,4
classic italian pop,4
experimental bass,4
cantautor catala,4
minimal dub,4
forro,4
thai rock,4
danish alternative rock,4
nordic folk,4
classic hardstyle,4
alabama metal,4
modern ska punk,4
finnish black metal,4
slamming deathcore,4
umea hardcore,4
halloween,4
spirituals,4
umbanda,4
perreo,4
bedroom soul,4
quebec punk,4
lo-fi rap,4
deep northern soul,4
power noise,4
jazz double bass,4
cosmic black metal,4
post-black metal,4
dark disco,4
parody,4
nordic folk metal,4
ghanaian pop,4
indie r&b,4
danish death metal,4
mandible,4
forro tradicional,4
mexican pop punk,4
afro-cuban percussion,4
latin viral pop,4
cumbia,4
latincore,4
technical black metal,4
noisecore,4
alternative pop rock,4
clean comedy,4
electro dub,4
dark jazz,4
nz pop,4
fluxwork,4
west african jazz,4
ambient house,4
christian indie,4
danseband,4
corrosion,4
dancefloor dnb,4
warm drone,4
powerviolence,4
palm desert scene,4
modern alternative pop,4
electroclash,4
bossbeat,4
nu-metalcore,4
dark post-punk,4
dutch metal,4
hungarian pop,4
san diego rap,4
german baroque,4
minimal tech house,4
danish rock,4
french opera,4
anime rock,4
breakcore,4
new england metal,4
drift,4
british comedy,4
swedish synth,4
music hall,4
arkansas hip hop,4
swedish garage rock,4
denver indie,4
asian american hip hop,4
modern hard rock,4
norwegian death metal,4
japanese chillhop,4
pop urbaine,4
finnish heavy metal,4
london rap,4
swiss metal,4
chicago drill,4
swedish hard rock,4
african rock,4
swamp blues,4
downtempo bass,4
ambient folk,4
brighton indie,4
north carolina roots,4
hauntology,4
canadian post-hardcore,4
praise,4
brooklyn drill,4
australian indie folk,4
indian jazz,4
german hip hop,4
new jersey underground rap,4
voidgaze,4
ambient black metal,4
english indie rock,4
dutch black metal,4
wu fam,4
fantasy metal,4
bass trap,4
skansk musik,4
neo-crust,4
wrestling,4
american post-rock,4
rave funk,4
classic hungarian rock,4
belgian metal,4
swedish power metal,4
belgian rock,4
japanese classical,4
athens indie,4
twee pop,4
pinoy singer-songwriter,4
women's music,4
german heavy metal,4
metal mineiro,4
british power metal,4
canadian soundtrack,4
german contemporary classical,4
irish singer-songwriter,4
gospel blues,4
paracana,4
hard rock brasileiro,4
greek contemporary classical,4
dub punk,4
ramonescore,4
modern cello,4
environmental,4
contemporary folk,4
video game music,4
slack-key guitar,4
schlager,4
techno kayo,4
boogie-woogie,4
pop flamenco,4
neo-pagan,4
modern free jazz,4
spanish prog,4
uk reggae,4
vancouver metal,4
austrian black metal,4
french post-punk,4
dungeon synth,4
pop house,4
new jersey indie,4
spanish indie pop,4
mbalax,4
hel,4
japanese soundtrack,4
nu-cumbia,4
space ambient,4
ska argentino,4
ambient pop,4
latin tech house,4
popping,4
classic russian rock,4
canadian psychedelic,4
ambient industrial,4
ragga jungle,4
long island punk,4
brega saudade,4
jazz trombone,4
german prog,4
children's folk,4
kiwi rock,4
