Title,Artist
Flossin',Internet Money Featuring YoungBoy Never Broke Again
Honest,Justin Bieber & Don Toliver
Premonition (Intro),Eminem
Franchise,Travis Scott Featuring Young Thug & M.I.A.
Getting Older,Billie Eilish
Like It's Christmas,Jonas Brothers
Woods,Mac Miller
Without You,The Kid LAROI
Mr. Jones,Pop Smoke Featuring Future
Lotus,Lil Uzi Vert
Let Somebody Go,Coldplay X Selena Gomez
Do It On The Tip,Megan Thee Stallion Featuring City Girls & Hot Girl Meg
Moth To A Flame,Swedish House Mafia & The Weeknd
Humble,Lil Baby
Livin' The Dream,Morgan Wallen
KEII,Anuel AA
I Like You (A Happier Song),Post Malone Featuring Doja Cat
Move Ya Hips,A$AP Ferg Featuring  Nicki Minaj & MadeinTYO
All In,Lil Baby
Last One Standing,"Skylar Grey, Polo G, Mozzy & Eminem"
Kinfolks,Sam Hunt
Boyfriends,Harry Styles
Feliz Navidad,Jose Feliciano
Leave You Alone,Kane Brown
Come Back...Be Here (Taylor's Version),Taylor Swift
Question...?,Taylor Swift
25k Jacket,Gunna Featuring Lil Baby
Next Girl,Carly Pearce
Knife Talk,Drake Featuring 21 Savage & Project Pat
All In,YoungBoy Never Broke Again
Fuck The World,Rod Wave
Betty (Get Money),Yung Gravy
Fifteen (Taylor's Version),Taylor Swift
Met Gala,Gunna
Sharing Locations,Meek Mill Featuring Lil Baby & Lil Durk
Snitches & Rats,21 Savage & Metro Boomin Featuring Young Nudy
Jaded,Miley Cyrus
CHAMPION,DaBaby
P*$$y Fairy (OTW),Jhene Aiko
Too Comfortable,Future
Bebe Dame,Fuerza Regida X Grupo Frontera
Here With Me,d4vd
Thank God,Kane Brown With Katelyn Brown
Budget,Megan Thee Stallion Featuring Latto
Go Stupid,Polo G Featuring NLE Choppa & Stunna 4 Vegas
Barbarian,Lil Durk
Cry No More,G Herbo Featuring Polo G & Lil Tjay
Quicksand,Morray
Wrapped Around Your Finger,Post Malone
Crocodile Teeth,Nicki Minaj & Skillibeng
All I Want,Olivia Rodrigo
Hope That's True,Morgan Wallen
Love Is A Game,Adele
Girl Like Me,Jazmine Sullivan Featuring H.E.R.
100.mil',J. Cole & Bas
Bloody Valentine,Machine Gun Kelly
America Has A Problem,Beyonce
Di Que Si,Grupo Marca Registrada X Grupo Frontera
Gravity,"Brent Faiyaz & DJ Dahi Featuring Tyler, The Creator"
Run (Taylor's Version) (From The Vault),Taylor Swift Featuring Ed Sheeran
Wunna,Gunna
Me Fui de Vacaciones,Bad Bunny
No Secret,DJ Khaled Featuring Drake
ICU,Coco Jones
No Dribble,DaBaby x Stunna 4 Vegas
Maldita Pobreza,Bad Bunny
Dorothea,Taylor Swift
Let's Go Brandon,Bryson Gray Featuring Tyson James & Chandler Crump
She's All I Wanna Be,Tate McRae
NDA,Billie Eilish
Champagne Night,Lady A
Let It Go,DJ Khaled Featuring Justin Bieber & 21 Savage
Reminds Me Of You,The Kid LAROI & Juice WRLD
Love Story (Taylor's Version),Taylor Swift
"Ya Superame (En Vivo Desde Culiacan, Sinaloa)",Grupo Firme
Martin & Gina,Polo G
Find My Way,DaBaby
Drankin N Smokin,Future & Lil Uzi Vert
Come To Life,Kanye West
Some Girls,Jameson Rodgers
Vette Motors,YoungBoy Never Broke Again
Perfect Timing,Lil Baby
95.south,J. Cole
Hold On,Justin Bieber
Go Part 1,Polo G Featuring G Herbo
Knocked Off,YoungBoy Never Broke Again
Savior (Interlude),Kendrick Lamar
Shut Down,BLACKPINK
WFM,RealestK
Money,Lisa
Bichota,Karol G
'Til You Can't,Cody Johnson
In The Bible,Drake Featuring Lil Durk & Giveon
Race My Mind,Drake
Deep Pockets,Drake
A Holly Jolly Christmas,Burl Ives
That Way,Lil Uzi Vert
Body In Motion,"DJ Khaled Featuring Bryson Tiller, Lil Baby & Roddy Ricch"
865,Morgan Wallen
Brainwashed,Tom MacDonald
712PM,Future
Thousand Miles,Miley Cyrus Featuring Brandi Carlile
GINE,6ix9ine
Manana Sera Bonito,Karol G & Carla Morrison
Antes,Anuel AA & Ozuna
Visiting Hours,Ed Sheeran
God's Country,State Of Mine & Drew Jacobs
Moral Of The Story,Ashe Featuring Niall Horan
Leave Before You Love Me,Marshmello X Jonas Brothers
I Should Probably Go To Bed,Dan + Shay
Please,Lil Baby & Lil Durk
You Belong With Me (Taylor's Version),Taylor Swift
Yo Visto Asi,Bad Bunny
Que Vuelvas,Carin Leon X Grupo Frontera
Happy Anywhere,Blake Shelton Featuring Gwen Stefani
WUSYANAME,"Tyler, The Creator Featuring YoungBoy Never Broke Again & Ty Dolla $ign"
X Ultima Vez,Daddy Yankee & Bad Bunny
abcdefu,GAYLE
Shotta Flow 6,NLE Choppa
Slow Dancing In The Dark,Joji
Slay3r,Playboi Carti
My Tears Ricochet,Taylor Swift
I Hate YoungBoy,YoungBoy Never Broke Again
Ojos Ferrari,"Karol G, Justin Quiles & Angel Dior"
Dogtooth,"Tyler, The Creator"
The Joker And The Queen,Ed Sheeran Featuring Taylor Swift
T.D,"Lil Yachty & Tierra Whack Featuring A$AP Rocky & Tyler, The Creator"
Dive,Kid Cudi
Trollz,6ix9ine & Nicki Minaj
Laugh Now Cry Later,Drake Featuring Lil Durk
Flocky Flocky,Don Toliver Featuring Travis Scott
From Now On,Lil Baby Featuring Future
On My Side,YoungBoy Never Broke Again
Bout My Business,YoungBoy Never Broke Again Featuring Sherhonda Gaulden
Slow Dance In A Parking Lot,Jordan Davis
Celebration Station,Lil Uzi Vert
Ice Cream,BLACKPINK X Selena Gomez
Be Kind,Marshmello & Halsey
My Mind & Me,Selena Gomez
Already Won,Rod Wave Featuring Lil Durk
I'm Tired,Labrinth & Zendaya
33,Polo G
Ghost,Justin Bieber
La Noche de Anoche,Bad Bunny & Rosalia
54321,Offset
California Breeze,Lil Baby
If Pain Was A Person,Moneybagg Yo
Baila Conmigo,Selena Gomez With Rauw Alejandro
Every Chance I Get,DJ Khaled Featuring Lil Baby & Lil Durk
Always Forever,Bryson Tiller
Moonwalking In Calabasas,DDG
Candy,Doja Cat
Arson,j-hope
Marni On Me,Future & Lil Uzi Vert
All I Got,Rod Wave
Yandel 150,Yandel & Feid
Kings & Queens,Ava Max
Bad Bad,YoungBoy Never Broke Again
Why We Drink,Justin Moore
Itty Bitty Piggy,Nicki Minaj
Un Verano Sin Ti,Bad Bunny
All Night Parking (Interlude),Adele With Erroll Garner
Champagne Problems,Taylor Swift
Johnny P's Caddy,Benny The Butcher & J. Cole
Somebody's Watching Me,Rockwell
Face 2 Face,Juice WRLD
300 Blackout,Kodak Black
Aguacero,Bad Bunny
Proud Of You,Young Thug Featuring Lil Uzi Vert & Yung Kayo
Watermelon Sugar,Harry Styles
Pop Out,Lil Baby & Nardo Wick
Hardest To Love,The Weeknd
Know My Rights,6LACK Featuring Lil Baby
Thankful,DJ Khaled Featuring Lil Wayne & Jeremih
Old Town Road,Lil Nas X Featuring Billy Ray Cyrus
We Didn't Have Much,Justin Moore
True Love,Kanye West & XXXTENTACION
Kant Nobody,Lil Wayne Featuring DMX
You Should Be Sad,Halsey
Better Believe,"Belly, The Weeknd & Young Thug"
Burglars & Murderers,Lil Durk Featuring EST Gee
When You Down,Lil Tecca & Polo G Featuring Lil Durk
Take Me Home For Christmas,Dan + Shay
What's Your Country Song,Thomas Rhett
Runnin,21 Savage & Metro Boomin
SAD SHIT,DaBaby
Publicity Stunt,Gucci Mane
Left And Right,Charlie Puth Featuring Jung Kook
Kanye Krazy,Lil Durk
Sacrifice,The Weeknd
La Dificil,Bad Bunny
TQG,Karol G x Shakira
Gold Stacks,Future
Heatin Up,Lil Baby & Gunna
One Thing At A Time,Morgan Wallen
Snooze,SZA
Make Up Sex,Machine Gun Kelly X blackbear
Have Yourself A Merry Little Christmas,Michael Buble
Roses,SAINt JHN
Ungrateful,Megan Thee Stallion Featuring Key Glock
Something In The Way,Nirvana
Falling Back,Drake
Pressurelicious,Megan Thee Stallion Featuring Future
Toxic,Kehlani
My Head And My Heart,Ava Max
Made For You,Jake Owen
Everything,Lil Baby
Letter From Houston,Rod Wave
Ain't Always The Cowboy,Jon Pardi
RITMO (Bad Boys For Life),Black Eyed Peas X J Balvin
Whiskey And Rain,Michael Ray
Psychic,Chris Brown Featuring Jack Harlow
D4L,"Future, Drake & Young Thug"
Back In Blood,Pooh Shiesty Featuring Lil Durk
Coco Chanel,Eladio Carrion & Bad Bunny
Single Than She Was,Morgan Wallen
Repeat After Me (Interlude),The Weeknd
Overpass Graffiti,Ed Sheeran
Deja Vu,Olivia Rodrigo
No Deal,Rod Wave
Juice WRLD Did,DJ Khaled Featuring Juice WRLD
Strawberry Peels,Lil Uzi Vert Featuring Young Thug & Gunna
Arcade,Duncan Laurence
Million Dollar Play,Future & Lil Uzi Vert
Sweet Little Lies,Rod Wave
Slatty,Young Thug & Gunna Featuring Yak Gotti & Lil Duke
Treacherous (Taylor's Version),Taylor Swift
Something Special,Pop Smoke
Dakiti,Bad Bunny & Jhay Cortez
Brutal,Olivia Rodrigo
Always Been You,Jessie Murph
Cigarettes,Juice WRLD
La Corriente,Bad Bunny & Tony Dize
Reputation,Post Malone
Love Lost,Mac Miller
Remember You Young,Thomas Rhett
Shake The Room,Pop Smoke Featuring Quavo
Lick Back,EST Gee
Sucker,Jonas Brothers
The Last Time (Taylor's Version),Taylor Swift Featuring Gary Lightbody Of Snow Patrol
IDK That Bitch,Gunna Featuring G Herbo
Pardon,T.I. Featuring Lil Baby
Baby Pluto,Lil Uzi Vert
It's Beginning To Look A Lot Like Christmas,Michael Buble
Slow Down Summer,Thomas Rhett
Addicted,Chris Brown Featuring Lil Baby
Auntie Diaries,Kendrick Lamar
Moonlight Sunrise,TWICE
Savior,"Kendrick Lamar, Baby Keem, & Sam Dew"
Ay!,Machine Gun Kelly & Lil Wayne
Mood Swings,Pop Smoke Featuring Lil Tjay
Forever,Lil Baby Featuring Fridayy
One Margarita,Luke Bryan
We Back,Jason Aldean
Livin It Up,Young Thug With Post Malone & A$AP Rocky
Up Up And Away,Juice WRLD
Years Go By,Bryson Tiller
I Know,Polo G
Sad Beautiful Tragic (Taylor's Version),Taylor Swift
Blastoff,Internet Money Featuring Juice WRLD & Trippie Redd
She Likes It,Russell Dickerson & Jake Scott
Bang!,AJR
Dreamin Of The Past,Pusha T Featuring Kanye West
Have Mercy,Chloe
Safaera,"Bad Bunny, Jowell & Randy & Nengo Flow"
Hasta Que Dios Diga,Anuel AA & Bad Bunny
Paris,Taylor Swift
Cardigan,Taylor Swift
Sleazy Flow,SleazyWorld Go Featuring Lil Baby
Hot Girl Bummer,blackbear
If You Want To,Lil Baby & Lil Durk
We Paid,Lil Baby & 42 Dugg
Deserve You,Justin Bieber
I'm Dat N***a,Future
Hours In Silence,Drake & 21 Savage
If The World Was Ending,JP Saxe Featuring Julia Michaels
I Deserve A Drink,Morgan Wallen
Bandido,Myke Towers & Juhn
One Right Now,Post Malone & The Weeknd
Over The Top,Smiley Featuring Drake
For Tonight,Giveon
Ridin' Roads,Dustin Lynch
Canceled,Larray
Currents,Drake
My Universe,Coldplay x BTS
I Can't Save You (Interlude),Metro Boomin & Future Featuring Don Toliver
Move,Beyonce Featuring Grace Jones & Tems
Not In The Mood,"Lil Tjay, Fivio Foreign & Kay Flock"
Top Priority,Lil Baby
Back And Forth,Lil Baby & EST Gee
I Love Me,Demi Lovato
Here And Now,Kenny Chesney
Momma's House,Dustin Lynch
Conceited,SZA
Come Around Me,Justin Bieber
Krzy Train,Trippie Redd & Travis Scott
Bad Decisions,"benny blanco, BTS & Snoop Dogg"
From The Garden,Isaiah Rashad Featuring Lil Uzi Vert
Shottas (Lala),Moneybagg Yo
Demons,Drake Featuring Fivio Foreign & Sosa Geek
Lost,Linkin Park
More Surprised Than Me,Morgan Wallen
Todo de Ti,Rauw Alejandro
2055,Sleepy Hallow
I'm That Girl,Beyonce
More Hearts Than Mine,Ingrid Andress
2 Much,Justin Bieber
On Time,Metro Boomin & John Legend
All Of You,"Stephanie Beatriz, Olga Merediz, John Leguizamo, Adassa, Maluma & Encanto Cast"
Broke In A Minute,Tory Lanez
Don't Break My Heart,The Weeknd
Futsal Shuffle 2020,Lil Uzi Vert
Shiest Talk,Lil Baby Featuring Pooh Shiesty
GATTI,"JACKBOYS, Pop Smoke & Travis Scott"
Christmas Tree,V
The Bones,Maren Morris
Commercial,Lil Baby Featuring Lil Uzi Vert
Ex For A Reason,Summer Walker & JT
I'll Be Home For Christmas,Bing Crosby
Oxytocin,Billie Eilish
N95,Kendrick Lamar
I Cannot Be (A Sadder Song),Post Malone Featuring Gunna
Thug Love,A Boogie Wit da Hoodie
Lalisa,Lisa
Water (Drowning Pt. 2),A Boogie Wit da Hoodie Featuring Kodak Black
Outlook,Morgan Wallen
F2F,SZA
Jesus Lord,Kanye West
Sun Goes Down,Lil Nas X
Landed,Drake
4 Da Gang,42 Dugg & Roddy Ricch
I Know,Kanii
What My World Spins Around,Jordan Davis
Creature,Pop Smoke Featuring Swae Lee
Mad Woman,Taylor Swift
25 Million,Roddy Ricch
SoulFly,Rod Wave
10:35,Tiesto Featuring Tate McRae
Should've Ducked,Lil Durk Featuring Pooh Shiesty
Keep It Burnin,Future Featuring Kanye West
PICK UP,DaBaby Featuring Quavo
Right Foot Creep,YoungBoy Never Broke Again
Federal Nightmares,Lil Durk
Ghost In The Machine,SZA Featuring Phoebe Bridgers
Eyes Closed,Ed Sheeran
Rare,Nas
Beat Box,SpotemGottem Featuring Pooh Shiesty Or DaBaby
"Ay, Dios Mio!",Karol G
I Guess I'm In Love,Clinton Kane
Mama Mia,Lil Wayne
Fair Trade,Drake Featuring Travis Scott
Fake Woke,Tom MacDonald
Knowing You,Kenny Chesney
Heartless,Diplo Presents Thomas Wesley Featuring Morgan Wallen
Treat Me,Chloe
Chasin' You,Morgan Wallen
Lady,Brett Young
Feigning,Gunna
Expensive,Ty Dolla $ign Featuring Nicki Minaj
Relocate,Juice WRLD
Thump Shit,42 Dugg & EST Gee
Rich (Interlude),Kendrick Lamar
Somebody,Justin Bieber
WAP,Cardi B Featuring Megan Thee Stallion
Eleven,Khalid
Down In Atlanta,Pharrell Williams & Travis Scott
In The Bible,Morgan Wallen Featuring HARDY
Voice Of The Heroes,Lil Baby & Lil Durk
As I Am,Justin Bieber Featuring Khalid
Dancin' In The Country,Tyler Hubbard
Hats Off,"Lil Baby, Lil Durk & Travis Scott"
Wash Us In The Blood,Kanye West Featuring Travis Scott
5500 Degrees,"EST Gee Featuring Lil Baby, 42 Dugg & Rylo Rodriguez"
Sweet / I Thought You Wanted To Dance,"Tyler, The Creator Featuring Brent Faiyaz & Fana Hues"
Fingers Crossed,Lauren Spencer-Smith
Special,Lizzo Featuring SZA
Scorpio,Moneybagg Yo
Potion,"Calvin Harris, Dua Lipa & Young Thug"
Calm Down,Rema & Selena Gomez
Crazy Story 2.0,King Von Featuring Lil Durk
You Gon' Learn,"Eminem Featuring Royce da 5'9"" & White Gold"
"No Body, No Crime",Taylor Swift Featuring HAIM
It's The Most Wonderful Time Of The Year,Andy Williams
Tombstone,Rod Wave
Monsters,All Time Low Featuring Demi Lovato & blackbear
Smoke One,YoungBoy Never Broke Again
Had It,Morgan Wallen
Weeeeee,Trippie Redd
Less Than Zero,The Weeknd
Lemon Pepper Freestyle,Drake Featuring Rick Ross
One Beer,HARDY Featuring Lauren Alaina & Devin Dawson
Freestyle,Lil Baby
2 Be Loved (Am I Ready),Lizzo
When You're Gone,Shawn Mendes
Money Over Fallouts,Tory Lanez
Pain 1993,Drake Featuring Playboi Carti
Clear Da Air,Moneybagg Yo
Damage,H.E.R.
Broke Boys,Drake & 21 Savage
Last Drive Down Main,Morgan Wallen
Euthanasia,Post Malone
Young N Dumb,Polo G
What He Didn't Do,Carly Pearce
Closure,Taylor Swift
Te Deseo Lo Mejor,Bad Bunny
For The Night,Pop Smoke Featuring Lil Baby & DaBaby
ON,BTS
Girls In The Hood,Megan Thee Stallion
No Return,Polo G Featuring The Kid LAROI & Lil Durk
Ridin Strikers,Future
Buy Dirt,Jordan Davis Featuring Luke Bryan
Your Heart,Joyner Lucas & J. Cole
g n f (Give No Fxk),"Migos, Young Thug & Travis Scott"
Nobody's Love,Maroon 5
Pipe Down,Drake
El Gordo Trae El Mando,Chino Pacas
Took Her To The O,King Von
La Toxica,Farruko
Wilshire,"Tyler, The Creator"
The Voice,Lil Durk
One Of My,Future
Purge Me,YoungBoy Never Broke Again
Doom,Juice WRLD
Bat Man,YoungBoy Never Broke Again
La Droga,Bad Bunny
Thousand Miles,The Kid LAROI
Frozen,Lil Baby
That's On Me,Mac Miller
You,Regard x Troye Sivan x Tate McRae
Holiday,Lil Nas X
Good Days,SZA
Plastic Off The Sofa,Beyonce
Levitating,Dua Lipa
Free Mind,Tems
Private Island,Gunna
Ghost Town,Benson Boone
Everything I Love,Morgan Wallen
Ran$om,Lil Tecca
Volvi,Aventura x Bad Bunny
Repeat It,Lil Tecca & Gunna
Snow On The Beach,Taylor Swift Featuring Lana Del Rey
The Bigger Picture,Lil Baby
Christmas Isn't Canceled (Just You),Kelly Clarkson
Caramelo,Ozuna x Karol G x Myke Towers
No Time Wasted,Polo G & Future
All Up In Your Mind,Beyonce
Can't Die,Juice WRLD
Starting Over,Chris Stapleton
Neon Eyes,Morgan Wallen
Tie That Binds,Drake
Afterglow,Ed Sheeran
Favorite Song,Toosii
Solid,Young Thug & Gunna Featuring Drake
One Mississippi,Kane Brown
One Night Standards,Ashley McBryde
Memory Lane,Old Dominion
Made You Look,Meghan Trainor
24,Kanye West
Days That End In Why,Morgan Wallen
Man Made A Bar,Morgan Wallen Featuring Eric Church
The Heart Part 5,Kendrick Lamar
White Christmas,Bing Crosby
NASTY,DaBaby Featuring Ashanti & Megan Thee Stallion
Never Felt So Alone,Labrinth
Sunroof,Nicky Youre & dazy
Jumbotron Shit Poppin,Drake
Said N Done,21 Savage & Metro Boomin
Heather,Conan Gray
Cupid,Fifty Fifty
Love Language,Ariana Grande
Heat,Chris Brown Featuring Gunna
Yonaguni,Bad Bunny
What's Wrong,Rod Wave
50 Shots,YoungBoy Never Broke Again
Neon Star (Country Boy Lullaby),Morgan Wallen
Many Men,21 Savage & Metro Boomin
Playing Games,Summer Walker
Range Brothers,Baby Keem & Kendrick Lamar
Hello,Pop Smoke Featuring A Boogie Wit da Hoodie
We Don't Talk About Bruno,"Carolina Gaitan, Mauro Castillo, Adassa, Rhenzy Feliz, Diane Guerrero, Stephanie Beatriz & Encanto Cast"
London,BIA Featuring J. Cole
What You Need,Don Toliver
La Jumpa,Arcangel & Bad Bunny
Same Boat,Zac Brown Band
Just Wanna Rock,Lil Uzi Vert
OMG,NewJeans
Special,SZA
Ivy,Taylor Swift
Wild Side,Normani Featuring Cardi B
The Remorse,Drake
Like I Love Country Music,Kane Brown
Put Your Records On,Ritt Momney
The Business,Tiesto
Sunrise,Morgan Wallen
Don't Think Jesus,Morgan Wallen
Unstable,Justin Bieber Featuring The Kid LAROI
We Found Love,Rihanna Featuring Calvin Harris
Leaders,Lil Uzi Vert Featuring NAV
transparentsoul,Willow Featuring Travis Barker
Volando,"Mora, Bad Bunny & Sech"
Monotonia,Shakira + Ozuna
Bejeweled,Taylor Swift
Around Me,Metro Boomin Featuring Don Toliver
Sunday Best,Surfaces
No Se Va,Grupo Frontera
Rich Spirit,Kendrick Lamar
Memory,Kane Brown X blackbear
Jonah,Kanye West
Betty,Taylor Swift
Stripes Like Burberry,Future & Lil Uzi Vert
Life Is Good,Future Featuring Drake
To The Bone,"Quavo, Takeoff & YoungBoy Never Broke Again"
Hurricane,Kanye West
Go!,Moneybagg Yo Featuring BIG30
Blame It On You,Jason Aldean
Me Or Sum,"Nardo Wick, Lil Baby & Future"
Camelot,NLE Choppa
High Fashion,Roddy Ricch Featuring Mustard
Traitor,Olivia Rodrigo
Burn,Juice WRLD
Straightenin,Migos
Filter,BTS
Fading,Rod Wave
Complicated,Mac Miller
Esta Danada,Ivan Cornejo
Clueless,Polo G Featuring Pop Smoke & Fivio Foreign
What's Next,Drake
No Where,YoungBoy Never Broke Again
Damn Strait,Scotty McCreery
Real Baby Pluto,Future & Lil Uzi Vert
Big Paper,DJ Khaled Featuring Cardi B
'Tis The Damn Season,Taylor Swift
Hawai,Maluma & The Weeknd
Throw It Away,Summer Walker
So Good,Halsey
Heaven And Hell,Kanye West
2step,Ed Sheeran Featuring Lil Baby
Juggernaut,"Tyler, The Creator Featuring Lil Uzi Vert & Pharrell Williams"
Knight Crawler,Trippie Redd & Juice WRLD
You Better Move,Lil Uzi Vert
Distraction,Polo G
Yessirskiii,Lil Uzi Vert & 21 Savage
Gang Gang,Polo G & Lil Wayne
Labyrinth,Taylor Swift
Emo Girl,Machine Gun Kelly & WILLOW
Tennessee Fan,Morgan Wallen
RIP Lil Phat,YoungBoy Never Broke Again
Gasoline,The Weeknd
AA,Walker Hayes
Jingle Bells,Frank Sinatra
Everything Has Changed (Taylor's Version),Taylor Swift Featuring Ed Sheeran
Astronaut In The Ocean,Masked Wolf
TV,Billie Eilish
Red Eye,YoungBoy Never Broke Again
Silent Hill,Kendrick Lamar & Kodak Black
I Guess It's Fuck Me,Drake
Shirt,SZA
Life's A Mess II,"Juice WRLD, Clever & Post Malone"
Tell The Vision,Kanye West
Spit In My Face!,ThxSoMch
Reciprocate,Summer Walker
"Big, Big Plans",Chris Lane
Ok Ok,Kanye West
Breaking Me,Topic & A7S
Take You Dancing,Jason Derulo
Go!,Kid LAROI & Juice WRLD
Whiskey On You,Nate Smith
Bring The Hook,YoungBoy Never Broke Again
Cold Beer Calling My Name,Jameson Rodgers Featuring Luke Combs
Home Sweet,Russell Dickerson
Silly Watch,Lil Uzi Vert
Come Through,H.E.R. Featuring Chris Brown
3 Headed Goat,Lil Durk Featuring Lil Baby & Polo G
B.I.T.C.H.,Megan Thee Stallion
Vigilante Shit,Taylor Swift
Daylight,Harry Styles
Happier,Olivia Rodrigo
Man In The Mirror,A Boogie Wit da Hoodie
Lonely,DaBaby X Lil Wayne
Let's Pray,DJ Khaled Featuring Don Toliver & Travis Scott
Wine Into Water,Morgan Wallen
All These N**gas,King Von Featuring Lil Durk
One Of Me,Lil Nas X Featuring Elton John
Keep Going,"DJ Khaled Featuring Lil Durk, 21 Savage & Roddy Ricch"
No Regrets,Eminem Featuring Don Toliver
Nail Tech,Jack Harlow
Lonely If You Are,Chase Rice
Glimpse Of Us,Joji
Adore You,Harry Styles
Smile,Juice WRLD & The Weeknd
The Last Backyard...,YoungBoy Never Broke Again
Me To Me,Morgan Wallen
My Time,YoungBoy Never Broke Again
Baby It's Cold Outside,Dean Martin
hunger.on.hillside,J. Cole & Bas
2Hoo,YoungBoy Never Broke Again
POP,Lil Uzi Vert
Agosto,Bad Bunny
Walk,Kodak Black
Fight The Feeling,Rod Wave
Always Do,The Kid LAROI
Black Hearted,Polo G
Be Like That,Kane Brown With Swae Lee & Khalid
Danny Phantom,Trippie Redd Featuring XXXTENTACION
Demeanor,Pop Smoke Featuring Dua Lipa
Hellcats & Trackhawks,Lil Durk
Good As Hell,Lizzo
Stain,A Boogie Wit da Hoodie Featuring DaBaby
Stuck With U,Ariana Grande & Justin Bieber
Stay,BTS
United In Grief,Kendrick Lamar
Beggin',Maneskin
Half Of Me,Thomas Rhett Featuring Riley Green
BackOutsideBoyz,Drake
Count Me Out,Kendrick Lamar
Come & Go,Juice WRLD x Marshmello
Danger,Lil Baby
Lord I Need You,Kanye West
I Hate U,SZA
Country Again,Thomas Rhett
Too Easy,Gunna & Future
Vice City,XXXTENTACION
Better,Zayn
Die Young,Sleepy Hallow Featuring 347aidan
Nasty,Ariana Grande
Energy,Beyonce Featuring BEAM
Paralyzed,Sueco
Freedom Was A Highway,Jimmie Allen & Brad Paisley
Umm Hmm,YoungBoy Never Broke Again
Thinking With My Dick,Kevin Gates Featuring Juicy J
Money Spread,Lil Uzi Vert Featuring Young Nudy
ORANGE SODA,Baby Keem
Put It On Me,YoungBoy Never Broke Again
Stay,The Kid LAROI & Justin Bieber
Ceilings,Lizzy McAlpine
TSU,Drake
Test Drive,Ariana Grande
Build A Bitch,Bella Poarch
Way 2 Sexy,Drake Featuring Future & Young Thug
Headshot,"Lil Tjay, Polo G & Fivio Foreign"
"Boy's A Liar, Pt. 2",PinkPantheress & Ice Spice
Don't Play,Polo G Featuring Lil Baby
Staying Alive,DJ Khaled Featuring Drake & Lil Baby
Wishful Drinking,Ingrid Andress With Sam Hunt
Kill Bill,SZA
What If I Told You That I Love You,Ali Gatie
The Way Things Going,Future
Otro Atardecer,Bad Bunny & The Marias
Pray,Jessie Murph
Love You Anyway,Luke Combs
Believe What I Say,Kanye West
Break My Heart,Dua Lipa
Shootout @ My Crib,Lil Durk
DFMU,Ella Mai
De Museo,Bad Bunny
Down To One,Luke Bryan
Gone Too Soon,Andrew Jannakos
Stop Playin,Lil Baby Featuring Jeremih
The Plan,Travis Scott
Un Ratito,Bad Bunny
TOES,DaBaby Featuring Lil Baby & Moneybagg Yo
Brand New Draco,21 Savage & Metro Boomin
Holy Ground (Taylor's Version),Taylor Swift
FYTB,Brent Faiyaz Featuring Joony
Tyler Herro,Jack Harlow
Yo No Soy Celoso,Bad Bunny
Long Live,YoungBoy Never Broke Again
Hard To Choose One,Future
Break My Heart,Rod Wave
Real As It Gets,Lil Baby Featuring EST Gee
The Christmas Song (Merry Christmas To You),Nat King Cole
Nobody But You,Blake Shelton Duet With Gwen Stefani
Free Promo,Moneybagg Yo Featuring Polo G & Lil Durk
Wandered To LA.,Juice WRLD & Justin Bieber
Anyone,Demi Lovato
I'm Not Here To Make Friends,Sam Smith
Too Late,SZA
Hot,Young Thug Featuring Gunna
Everything I Wanted,Billie Eilish
Ignorantes,Bad Bunny & Sech
Red (Taylor's Version),Taylor Swift
WHARF TALK,"Tyler, The Creator Featuring A$AP Rocky"
Life Goes On,Oliver Tree
Does To Me,Luke Combs Featuring Eric Church
Circles,Post Malone
Cold As You,Luke Combs
Vete,Bad Bunny
Solar Power,Lorde
Vamp Anthem,Playboi Carti
Massive,Drake
Shmunk,Yeat Featuring YoungBoy Never Broke Again
Pissed Me Off,Lil Durk
Fractions,Nicki Minaj
Secure The Bag,Lil Uzi Vert
White Teeth,YoungBoy Never Broke Again
Love Again,The Kid LAROI
Here Comes Santa Claus (Right Down Santa Claus Lane),Gene Autry
HIGHEST IN THE ROOM,Travis Scott
On Me,Lil Baby
Lift Me Up,Rihanna
Plan B,Megan Thee Stallion
Come Thru,Summer Walker & Usher
"Burn, Burn, Burn",Zach Bryan
Leave The Door Open,Silk Sonic (Bruno Mars & Anderson .Paak)
Massa,"Tyler, The Creator"
Country On,Luke Bryan
Starry Eyes,The Weeknd
You Time,Scotty McCreery
No Guidance,Chris Brown Featuring Drake
Desesperados,Rauw Alejandro & Chencho Corleone
Never Wanted To Be That Girl,Carly Pearce & Ashley McBryde
Search & Rescue,Drake
Calling My Phone,Lil Tjay Featuring 6LACK
Give Heaven Some Hell,HARDY
No Interviews,Lil Durk
Said Sum,Moneybagg Yo
Let Me Know (I Wonder Why Freestyle),Juice WRLD
Hope Ur OK,Olivia Rodrigo
Know Like I Know,YoungBoy Never Broke Again
Surf,Mac Miller
Happier Than Ever,Billie Eilish
All Around Me,Justin Bieber
Hitek Tek,Future
Bad Morning,YoungBoy Never Broke Again
"Set Me Free, Pt. 2",Jimin
@ MEH,Playboi Carti
Richer,Rod Wave Featuring Polo G
Off The Grid,Kanye West
Don't Come Lookin',Jackson Dean
Use This Gospel (Remix),DJ Khaled Featuring Kanye West & Eminem
Mood,24kGoldn Featuring iann dior
Ditto,NewJeans
Lottery,Latto Featuring LU KALA
IDGAF,BoyWithUke X blackbear
Tell Em,Cochise & $NOT
How Do I Make You Love Me?,The Weeknd
In Ha Mood,Ice Spice
Montero (Call Me By Your Name),Lil Nas X
You Only Live Twice,Drake Featuring Lil Wayne & Rick Ross
Wockesha,Moneybagg Yo
Never Gonna Not Dance Again,P!nk
Same Thing,Lil Baby
Rich MF,Trippie Redd Featuring Lil Durk & Polo G
Baby,Lil Baby & DaBaby
Moon Relate,Lil Uzi Vert
N 2 Deep,Drake Featuring Future
Stressed,Young Thug With J. Cole & T-Shyne
Sum 2 Prove,Lil Baby
Thailand,Roddy Ricch
Gotta Move On,Diddy & Bryson Tiller
Billie Eilish.,Armani White
Victoria's Secret,Jax
Mele Kalikimaka (Merry Christmas),Bing Crosby & The Andrews Sisters
Double Down,Lil Baby
Daylight,David Kushner
Heaven,Niall Horan
Tus Gafitas,Karol G
Expensive Pain,Meek Mill
No Weakness,Rod Wave
King Snipe,Gucci Mane & Kodak Black
Slide,H.E.R. Featuring YG
Dangerous,Morgan Wallen
Already Dead,Juice WRLD
Karma,Taylor Swift
Renegade,Big Red Machine Featuring Taylor Swift
Not Sober,The Kid LAROI Featuring Polo G & Stunna Gambino
Snow On Tha Bluff,J. Cole
No Fly Zone,Lil Baby
Blocklist,Lil Durk
Beers And Sunshine,Darius Rucker
Hoax,Taylor Swift
As It Was,Harry Styles
Black Swan,BTS
Difference Is,Lil Durk Featuring Summer Walker
Wet. (She Got That...),YFN Lucci
Waiting On A Miracle,Stephanie Beatriz
Petty Too,Lil Durk Featuring Future
"Baby, I'm Jealous",Bebe Rexha Featuring Doja Cat
Tomorrow 2,GloRilla & Cardi B
Rockstar Heart,Rod Wave
Cinderella Story,A Boogie Wit da Hoodie
Suge,DaBaby
Moscow Mule,Bad Bunny
Prices,Lil Uzi Vert
Never Say Never,Cole Swindell / Lainey Wilson
Ruff Ryders' Anthem,DMX
Don't Play That,King Von & 21 Savage
Zoo York,Lil Tjay Featuring Fivio Foreign & Pop Smoke
Wildest Dreams (Taylor's Version),Taylor Swift
Love Language,SZA
Circles,Megan Thee Stallion
Still Hood,Lil Baby & Lil Durk
Proud,Key Glock
Sigues Con El,Arcangel x Sech
Scared Money,YG Featuring J. Cole & Moneybagg Yo
Still D.R.E.,Dr. Dre Featuring Snoop Dogg
We Jus Wanna Get High,Future
Flawless,Yeat Featuring Lil Uzi Vert
OMDB,Rod Wave
Man Of The Year,Juice WRLD
None Of Your Concern,Jhene Aiko Featuring Big Sean
Don't Play With It,Lola Brooke X Latto X Yung Miami Or Featuring Billy B
Follow You,Imagine Dragons
Better Man (Taylor's Version) (From The Vault),Taylor Swift
Heat Waves,Glass Animals
Beat The Odds,Lil Tjay
BOP,DaBaby
Favorite Crime,Olivia Rodrigo
Middle Of The Ocean,Drake
Midnight Sky,Miley Cyrus
Unloyal,Summer Walker & Ari Lennox
Time Heals,Rod Wave
Street Runner,Rod Wave
With A Woman You Love,Justin Moore
Sleigh Ride,The Ronettes
One Too Many,Keith Urban Duet With P!nk
'98 Braves,Morgan Wallen
How,Lil Baby
Just Say Det,Moneybagg Yo
Possessive,Chris Brown Featuring Lil Wayne & BLEU
YaYa,6ix9ine
Fish Scale,YoungBoy Never Broke Again
Bad Energy,Juice WRLD
Chaotic,Tate McRae
No Opp Left Behind,21 Savage & Metro Boomin
Dua Lipa,Jack Harlow
By Your Side,Rod Wave
Rockstar,DaBaby Featuring Roddy Ricch
Doja,$NOT & A$AP Rocky
All I Want For Christmas Is You,Mariah Carey
How You Did That,Gunna Featuring Kodak Black
Late Night Talking,Harry Styles
Take What You Want,Post Malone Featuring Ozzy Osbourne & Travis Scott
Poochie Gown,Gunna
Young Wheezy,NAV With Gunna
Texts Go Green,Drake
Nasty,Russ
Hibachi,Roddy Ricch Featuring Kodak Black & 21 Savage
It's Beginning To Look A Lot Like Christmas,Perry Como And The Fontane Sisters With Mitchell Ayres And His Orchestra
Don't Rush,Young T & Bugsey Featuring Headie One
How They Remember You,Rascal Flatts
El Mundo Es Mio,Bad Bunny
We Are Never Ever Getting Back Together (Taylor's Version),Taylor Swift
The 30th,Billie Eilish
Super Gremlin,Kodak Black
Faith,The Weeknd
Feelin Like Tunechi,Lil Wayne Featuring Rich The Kid
Heart On Ice,Rod Wave
Free Dem 5's,YoungBoy Never Broke Again
Loyal,PARTYNEXTDOOR Featuring Drake
My Dawg,21 Savage & Metro Boomin
U 2 Luv,Ne-Yo & Jeremih
After Hours,The Weeknd
Lion King On Ice,J. Cole
close,J. Cole
Ball If I Want To,DaBaby
Enjoy Yourself,Pop Smoke Featuring Karol G
Refugee,Lil Durk
Fix'n To Break,Bailey Zimmerman
Wasting Time,Brent Faiyaz Featuring Drake
Cover Me Up,Morgan Wallen
Only Thing That's Gone,Morgan Wallen Featuring Chris Stapleton
Triggered,Jhene Aiko
The Scotts,"THE SCOTTS, Travis Scott & Kid Cudi"
Screw Juice,Juice WRLD
I Knew You Were Trouble (Taylor's Version),Taylor Swift
Midnight Rain,Taylor Swift
Sneaky Links,Rod Wave
Drinkin' Beer. Talkin' God. Amen.,Chase Rice Featuring Florida Georgia Line
Alice,Lady Gaga
More Than My Hometown,Morgan Wallen
Numb Little Bug,Em Beihold
Not You Too,Drake Featuring Chris Brown
Believe It,PARTYNEXTDOOR & Rihanna
Good Morning Gorgeous,Mary J. Blige
Rich N***a Shit,Young Thug With Juice WRLD
Start Wit Me,Roddy Ricch & Gunna
Your Power,Billie Eilish
Backstage Passes,EST Gee Featuring Jack Harlow
Begin Again (Taylor's Version),Taylor Swift
WE (Warm Embrace),Chris Brown
Beautiful People,Ed Sheeran Featuring Khalid
Nice To Meet Ya,Niall Horan
Evil Twins,King Von & Lil Durk
Bussin,Nicki Minaj X Lil Baby
Bad Man (Smooth Criminal),Polo G
SUGAR,BrockHampton
On Chill,Wale Featuring Jeremih
Rock And A Hard Place,Bailey Zimmerman
Message In A Bottle (Taylor's Version) (From The Vault),Taylor Swift
Top Floor,Gunna Featuring Travis Scott
Price Of Fame,Brent Faiyaz
Savage Love (Laxed - Siren Beat),Jawsh 685 x Jason Derulo
Mop,Gunna Featuring Young Thug
Massaging Me,Future
Red Light Green Light,DaBaby
Jumpin,NLE Choppa Featuring Polo G
Ghetto Gatsby,Brent Faiyaz Featuring Alicia Keys
First Man,Camila Cabello
Loose Change,Brent Faiyaz
Tycoon,Future
Forgiato,YoungBoy Never Broke Again
You Proof,Morgan Wallen
Neighbors,Pooh Shiesty Featuring BIG30
Pure/Honey,Beyonce
Whole Lotta Choppas,Sada Baby Featuring Nicki Minaj
Touch The Sky,Future
Boyfriend,Selena Gomez
My Oh My,Camila Cabello Featuring DaBaby
Blast Off,Silk Sonic (Bruno Mars & Anderson .Paak)
Get Into It (Yuh),Doja Cat
Forever,Rod Wave
applying.pressure,J. Cole
You Didn't,Brett Young
Warning,Morgan Wallen
Light Switch,Charlie Puth
Te Mudaste,Bad Bunny
Snitchin,Pop Smoke Featuring Quavo & Future
Mientras Me Curo del Cora,Karol G
Viral Moment,Lil Durk
IMY2,Drake Featuring Kid Cudi
Closure,Summer Walker
The Family Madrigal,"Stephanie Beatriz, Olga Merediz & Encanto Cast"
Tales Of Dominica,Lil Nas X
24,Money Man Featuring Lil Baby
Rumors,Lizzo Featuring Cardi B
Golden Child,Lil Durk
Gangsta Boo,Ice Spice & Lil Tjay
Break My Soul,Beyonce
Rock N Roll,Pusha T Featuring Kanye West & Kid Cudi
Hate Our Love,Queen Naija & Big Sean
Lil Top,YoungBoy Never Broke Again
Santa Baby,Eartha Kitt With Henri Rene And His Orchestra
Born With A Beer In My Hand,Morgan Wallen
Monster Mash,"Bobby ""Boris"" Pickett And The Crypt-Kickers"
Grace,Lil Baby & 42 Dugg
Forget Me Too,Machine Gun Kelly & Halsey
Thief In The Night,Rod Wave
You Right,Doja Cat & The Weeknd
Every Angel Is Terrifying,The Weeknd
223's,YNW Melly & 9lokknine
Rockstar Chainz,Future
Diamonds,Sam Smith
"You're On Your Own, Kid",Taylor Swift
Who Want Smoke??,"Nardo Wick Featuring G Herbo, Lil Durk & 21 Savage"
Forever After All,Luke Combs
Bloody Mary,Lady Gaga
Constant Bulls**t,Summer Walker
Somebody Like That,Tenille Arts
I Heard You're Married,The Weeknd Featuring Lil Wayne
Run Rudolph Run,Chuck Berry
Human,Cody Johnson
Drug Addiction,YoungBoy Never Broke Again
Don't Forget,Rod Wave
Six Thirty,Ariana Grande
Poison,Jack Harlow Featuring Lil Wayne
My Truck,BRELAND
22 (Taylor's Version),Taylor Swift
Jugaste y Sufri,Eslabon Armado Featuring DannyLux
Hole In The Bottle,Kelsea Ballerini
Enemy,Imagine Dragons X JID
Eat It,Megan Thee Stallion
Sad People,Kid Cudi
Got It Right,Rod Wave
Lemonhead,"Tyler, The Creator Featuring 42 Dugg"
Too Many Nights,Metro Boomin Featuring Don Toliver & Future
Hold That Heat,"Southside, Travis Scott & Future"
Best Thing Since Backroads,Jake Owen
Start Up Again,Polo G Featuring Moneybagg Yo
Fully Loaded,"Trippie Redd, Future & Lil Baby"
Sasuke,Lil Uzi Vert
To Be Loved By You,Parker McCollum
Fall In Love,Bailey Zimmerman
State Of Grace (Taylor's Version),Taylor Swift
Keep Driving,Harry Styles
Besties,Karol G
Open Arms,SZA Featuring Travis Scott
Working,Tate McRae X Khalid
Girl Of My Dreams,Juice WRLD & SUGA
Otherside Of America,Meek Mill
All I Know So Far,P!nk
ily,Surf Mesa Featuring Emilee
Poland,Lil Yachty
Stick That In Your Country Song,Eric Church
Black Ball,YoungBoy Never Broke Again & Birdman
Godzilla,Eminem Featuring Juice WRLD
Heaven On Earth,Kid Cudi
Kid On Christmas,Pentatonix Featuring Meghan Trainor
Insane,Post Malone
Sleeping On The Floor,Future & Lil Uzi Vert
Brambleton,Pusha T
ZaZa,6ix9ine
After Last Night,Silk Sonic (Bruno Mars & Anderson .Paak) With Thundercat & Bootsy Collins
P2,Lil Uzi Vert
Trouble With A Heartbreak,Jason Aldean
Matilda,Harry Styles
4KT Baby,YoungBoy Never Broke Again
homecoming queen?,Kelsea Ballerini
Freaky Deaky,Tyga X Doja Cat
Progress,John Rich
Gangstas,Pop Smoke
Another Day,Kid Cudi
Chickens,Future Featuring EST Gee
Lover,Taylor Swift
Wild Flower,RM With Youjeen
Romantic Homicide,d4vd
Steppin On N*ggas,21 Savage & Metro Boomin
Party,Bad Bunny & Rauw Alejandro
Wassup,Lil Uzi Vert Featuring Future
Cowboy Like Me,Taylor Swift
Smoke Strong,YoungBoy Never Broke Again
Forever & Always (Taylor's Version),Taylor Swift
We Should,Lil Baby & Young Thug
Dolly,Lil Tecca & Lil Uzi Vert
Easy On Me,Adele
Malibu,Migos Featuring Polo G
Surround Sound,JID Featuring 21 Savage & Baby Tate
F.N.F. (Let's Go),Hitkidd & GloRilla
I Dare You,Kelly Clarkson
I Hope Ur Miserable Until Ur Dead,Nessa Barrett
Love Train,Meek Mill
Jimmy Cooks,Drake Featuring 21 Savage
Daisies,Katy Perry
Catch,Brett Young
Positions,Ariana Grande
Telepathy,BTS
Under The Influence,Chris Brown
Switches & Dracs,Moneybagg Yo Featuring Lil Durk & EST Gee
Mercedes,Brent Faiyaz
Diana,Pop Smoke Featuring King Combs
Still Trappin',Lil Durk & King Von
Avalanche,Migos
You All Over Me (Taylor's Version) (From The Vault),Taylor Swift Featuring Maren Morris
You Should Probably Leave,Chris Stapleton
Senorita,Shawn Mendes & Camila Cabello
After Party,Don Toliver
Cool Again,Kane Brown
Lose,KSI x Lil Wayne
To The Moon!,JNR CHOI & Sam Tompkins
Cooler Than A Bitch,Gunna Featuring Roddy Ricch
DROP,DaBaby Featuring A Boogie Wit da Hoodie & London On Da Track
Andrea,Bad Bunny & Buscabulla
Big Time,DJ Khaled Featuring Future & Lil Baby
Oh My God,Adele
Bluebird,Miranda Lambert
Only Human,Jonas Brothers
From My Window,Juice WRLD
Fuck Da Industry,YoungBoy Never Broke Again
Dah Dah DahDah,Nardo Wick
Feel The Fiyaaaah,Metro Boomin & A$AP Rocky Featuring Takeoff
Flex,Polo G Featuring Juice WRLD
Peaches,Jack Black
Love Again,Dua Lipa
Shut Up,Ariana Grande
Too Late,The Weeknd
Gooba,6ix9ine
Beautiful Lies,Yung Bleu & Kehlani
Still Goin Down,Morgan Wallen
Partin Ways,Polo G
Wonderful Christmastime,Paul McCartney
Stay High,Juice WRLD
Chrome Heart Tags,Lil Uzi Vert
Oh Santa!,Mariah Carey Featuring Ariana Grande & Jennifer Hudson
Done,Chris Janson
Body Language,Big Sean Featuring Ty Dolla $ign & Jhene Aiko
Someone You Loved,Lewis Capaldi
The Motto,Tiesto & Ava Max
Happiness,Taylor Swift
Damaged,Kid Cudi
Rain On Me,Lady Gaga & Ariana Grande
Void,Melanie Martinez
Peta,Roddy Ricch Featuring Meek Mill
Wishing Well,Juice WRLD
Yet To Come,BTS
Get Me,Justin Bieber Featuring Kehlani
Watch The World Burn,Falling In Reverse
Ribbon In The Sky,Rod Wave
One Shot,YoungBoy Never Broke Again Featuring Lil Baby
Cardigan,Don Toliver
Late To Da Party (F*CK BET),Lil Nas X & Youngboy Never Broke Again
Neck & Wrist,Pusha T Featuring JAY-Z & Pharrell Williams
M3tamorphosis,Playboi Carti Featuring Kid Cudi
Die For You,The Weeknd & Ariana Grande
Poppin,Yeat
Hell Of A View,Eric Church
punchin'.the.clock,J. Cole
Love All,Drake Featuring JAY-Z
Never Get Over Me,Rod Wave
Spin Bout U,Drake & 21 Savage
Off The Table,Ariana Grande Featuring The Weeknd
MAMIII,Becky G X Karol G
Demon High,Lil Uzi Vert
the.climb.back,J. Cole
my.life,"J. Cole, 21 Savage & Morray"
Need It,Migos Featuring YoungBoy Never Broke Again
Gato de Noche,Nengo Flow & Bad Bunny
Tell Me U Luv Me,Juice WRLD & Trippie Redd
Over Now,Calvin Harris X The Weeknd
Cooped Up,Post Malone Featuring Roddy Ricch
Blind,SZA
Flowers,Miley Cyrus
Relacion,"Sech, Daddy Yankee & J Balvin Featuring Rosalia & Farruko"
Stay Down,"Lil Durk, 6LACK & Young Thug"
Baddest Thing,YoungBoy Never Broke Again
Spicy,Nas Featuring Fivio Foreign & A$AP Ferg
De Una Vez,Selena Gomez
Chicken Tendies,Clinton Kane
Into The Unknown,Idina Menzel & AURORA
Ojitos Lindos,Bad Bunny & Bomba Estereo
Buss It,Erica Banks
Chanel,Becky G & Peso Pluma
Little Saint Nick,The Beach Boys
It Matters To Her,Scotty McCreery
Gone Till November,Rod Wave
Wasted On You,Morgan Wallen
This Is Me Trying,Taylor Swift
Envolver,Anitta
Last Night,Morgan Wallen
Red Ruby Da Sleeze,Nicki Minaj
Party,DJ Khaled Featuring Quavo & Takeoff
My Ex's Best Friend,Machine Gun Kelly X blackbear
Beautiful Pain (Losin My Mind),Polo G
Real Spill,Lil Baby
Cry Baby,Megan Thee Stallion Featuring DaBaby
Can I Get It,Adele
Raindrops (Insane),Metro Boomin & Travis Scott
Sour Candy,Lady Gaga & BLACKPINK
What Else Can I Do?,Diane Guerrero & Stephanie Beatriz
AP,Pop Smoke
Goosebumps,Travis Scott
Put On A Smile,Silk Sonic (Bruno Mars & Anderson .Paak)
Back To The Streets,Saweetie Featuring Jhene Aiko
Life's A Mess,Juice WRLD X Halsey
Trustfall,P!nk
Skin,Sabrina Carpenter
Sweetest Pie,Megan Thee Stallion & Dua Lipa
34+35,Ariana Grande Feat. Doja Cat & Megan Thee Stallion
Bad Habits,Ed Sheeran
Treacherous Twins,Drake & 21 Savage
Computer Murderers,Lil Durk
Dos Mil 16,Bad Bunny
Used,SZA Featuring Don Toliver
Come This Way,Lil Uzi Vert
Only The Young,Taylor Swift
Yebba's Heartbreak,Drake & Yebba
Heated,Beyonce
La Fama,Rosalia Featuring The Weeknd
Illicit Affairs,Taylor Swift
Social Distancing,Lil Baby
Cold Heart (PNAU Remix),Elton John & Dua Lipa
Shake It,"Kay Flock, Cardi B, Dougie B & Bory300"
Merry Christmas,Ed Sheeran & Elton John
Snowchild,The Weeknd
That That,PSY Featuring SUGA
Are You Entertained,Russ & Ed Sheeran
No Child Left Behind,Kanye West
Snap,Rosa Linn
Wonderin' Bout The Wind,Morgan Wallen
Head & Heart,Joel Corry X MNEK
Whoopty,CJ
All Too Well (Taylor's Version),Taylor Swift
Something In The Orange,Zach Bryan
FR,Lil Baby
It Ain't Safe,DJ Khaled Featuring Nardo Wick & Kodak Black
Essence,Wizkid Featuring Justin Bieber & Tems
Better Days,Ant Clemons Featuring Justin Timberlake
Superhero (Heroes & Villains),"Metro Boomin, Future & Chris Brown"
Forgiveless,SZA Featuring Ol' Dirty Bastard
Fallin',Why Don't We
In My Head,Lil Tjay
Lo Mein,Lil Uzi Vert
pride.is.the.devil,J. Cole & Lil Baby
My Boy,Elvie Shane
The Good Ones,Gabby Barrett
Lock It Up,Eminem Featuring Anderson .Paak
HAD ENOUGH,Don Toliver Featuring Quavo & Offset
Lavender Haze,Taylor Swift
Like I Want You,Giveon
Love In The Way,BLEU & Nicki Minaj
Hold On,Adele
LIGHTSKIN SH*T,DaBaby Featuring Future & jetsonmade
Maroon,Taylor Swift
Need Me,J.I The Prince Of N.Y
The Next Episode,Dr. Dre Featuring Snoop Dogg
Life Goes On,BTS
Best Friends,The Weeknd
I'm Sorry,Lil Uzi Vert
Ain't Shit,Doja Cat
The Other Guy,Luke Combs
Memory I Don't Mess With,Lee Brice
Metro Spider,Metro Boomin & Young Thug
South Of The Border,Ed Sheeran Featuring Camila Cabello & Cardi B
X Gon' Give It To Ya,DMX
Say So,Doja Cat Featuring Nicki Minaj
Cinema,Harry Styles
Dark Red,Steve Lacy
Tequila Little Time,Jon Pardi
Go Hard,Juice WRLD
Blueberry Faygo,Lil Mosey
Rockin' Around The Christmas Tree,Brenda Lee
Take My Name,Parmalee
Righteous,Juice WRLD
Fly To My Room,BTS
Alone Again,The Weeknd
On My Soul,Meek Mill
Time Kills (Love Birds),Rod Wave
Way Out,Jack Harlow Featuring Big Sean
Bitter,Summer Walker & Cardi B
Ahhh Ha,Lil Durk
She Had Me At Heads Carolina,Cole Swindell
The Color Violet,Tory Lanez
Nobody Gets Me,SZA
Fucking Fans,Drake
4th Baby Mama,Summer Walker
Drivers License,Olivia Rodrigo
At The End Of A Bar,Chris Young With Mitchell Tenpenny
Hard To Forget,Sam Hunt
Change Your Life,Kehlani Featuring Jhene Aiko
Save Your Tears,The Weeknd & Ariana Grande
Ski,Young Thug & Gunna
The Other Side,SZA X Justin Timberlake
Mirror,Kendrick Lamar
Back To The Basics,Future
Mary On A Cross,Ghost
Durag Activity,Baby Keem & Travis Scott
Backdoor,Lil Durk
Up,Cardi B
Feel Alone,Juice WRLD
Last Christmas,Lauren Spencer-Smith
Chicago Freestyle,Drake Featuring Giveon
Fountains,Drake Featuring Tems
Hot Boy,Nardo Wick Featuring Lil Baby
Hell Yeah,Little Big Town
Megan's Piano,Megan Thee Stallion
Mr. Solo Dolo III,Kid Cudi
Alien Superstar,Beyonce
We Cry Together,Kendrick Lamar & Taylour Paige
Late At Night,Roddy Ricch
Pray 4 Love,Rod Wave
I Was On A Boat That Day,Old Dominion
Best Friend,Saweetie Featuring Doja Cat
Bubbly,Young Thug With Drake & Travis Scott
Look At Her Now.,Selena Gomez
Bring It On,YoungBoy Never Broke Again
Rare,Selena Gomez
Bye Bye,Marshmello & Juice WRLD
Provide,G-Eazy Featuring Chris Brown & Mark Morrison
Don't Believe The Hype,Polo G
Let It Go,Summer Walker
You Got It,VEDO
Need To Know,Doja Cat
Thug Life,Rod Wave
Lets Go Brandon,Loza Alexander
Headtaps,Lil Durk
"Would've, Could've, Should've",Taylor Swift
Star Walkin' (League Of Legends Worlds Anthem),Lil Nas X
Favorite Time Of Year,Carrie Underwood
Heart Like A Truck,Lainey Wilson
Only Wanna Be With You,Post Malone
WTF,YoungBoy Never Broke Again Featuring Nicki Minaj
Hit Different,SZA Featuring Ty Dolla $ign
Feline,"Juice WRLD, Polo G & Trippie Redd"
Running Up That Hill (A Deal With God),Kate Bush
Neverita,Bad Bunny
Minimum Wage,Blake Shelton
The Feels,TWICE
Hoy Cobre,Bad Bunny
Hold Me Closer,Elton John & Britney Spears
High Infidelity,Taylor Swift
You Don't Know Me,Summer Walker
"You're A Mean One, Mr. Grinch",Thurl Ravenscroft
Papercuts,Machine Gun Kelly
30,Pop Smoke Featuring Bizzy Banks
Yea Yea,Pop Smoke
On Wat U On,Moneybagg Yo x GloRilla
Gold Rush,Taylor Swift
Edging,Blink-182
Settling Down,Miranda Lambert
Fighting Demons,Juice WRLD
What It Feels Like,Nipsey Hussle & JAY-Z
Wait For U,Future Featuring Drake & Tems
Shy Away,twenty one pilots
Heart On Fire,Eric Church
Kacey Talk,YoungBoy Never Broke Again
7 Summers,Morgan Wallen
After A Few,Travis Denning
Holy,Justin Bieber Featuring Chance The Rapper
Ch y La Pizza,Fuerza Regida X Natanael Cano
Willow,Taylor Swift
Jail Pt 2,Kanye West
Bad Habit,Steve Lacy
Gimmick,Gunna
Unholy,Sam Smith & Kim Petras
Sigue,J Balvin & Ed Sheeran
Drunk Face,Machine Gun Kelly
Undivided,Tim McGraw & Tyler Hubbard
Baddest,"Yung Bleu, Chris Brown & 2 Chainz"
Rockstar In His Prime,Juice WRLD
Iffy,Chris Brown
Medical,Lil Baby & Lil Durk
44 Bulldog,Pop Smoke
Kamikaze,YoungBoy Never Broke Again
My Affection,Summer Walker & PARTYNEXTDOOR
Fancy Like,Walker Hayes
War,King Von
Stand On It,Lil Baby
Wonder,Shawn Mendes
Nobody,Dylan Scott
Beautiful Mistakes,Maroon 5 Featuring Megan Thee Stallion
"Colombia, Mi Encanto",Carlos Vives
Mastermind,Taylor Swift
July,Noah Cyrus & Leon Bridges
Hey Mor,Ozuna Featuring Feid
Here We Go... Again,"The Weeknd Featuring Tyler, The Creator"
Despues de La Playa,Bad Bunny
3AM On Glenwood,21 Savage
Modern Day,Migos
Pero Ya No,Bad Bunny
Get Along Better,Drake Featuring Ty Dolla $ign
Thick,DJ Chose Featuring BeatKing
Remote Control,Kanye West
Love You Better,Future
Escape From LA,The Weeknd
First Class,Jack Harlow
Argentina,Gunna
Go2DaMoon,Playboi Carti Featuring Kanye West
Do It,Chloe X Halle
Loved By You,Justin Bieber Featuring Burna Boy
Came And Saw,Young Thug Featuring Rowdy Rebel
That's What Tequila Does,Jason Aldean
Chasing After You,Ryan Hurd With Maren Morris
Big Purr (Prrdd),Coi Leray & Pooh Shiesty
Under The Mistletoe,Kelly Clarkson & Brett Eldredge
Pieces,Rod Wave
Daywalker!,Machine Gun Kelly & CORPSE
Death,Trippie Redd Featuring DaBaby
Boss Bitch,Doja Cat
Peaches,Justin Bieber Featuring Daniel Caesar & Giveon
Pretty Heart,Parker McCollum
Redman,Lil Durk
Lo Vas A Olvidar,Billie Eilish & ROSALIA
Dancing With The Devil,Demi Lovato
You Wouldn't Understand,Juice WRLD
Low Down,Lil Baby
I Bet You Think About Me (Taylor's Version) (From The Vault),Taylor Swift Featuring Chris Stapleton
Falling,Trevor Daniel
Family Ties,Baby Keem & Kendrick Lamar
Good Time,Niko Moon
"Going, Going, Gone",Luke Combs
Streets,Doja Cat
Anti-Hero,Taylor Swift
Blame On You,Rod Wave
Circles Around This Town,Maren Morris
Party Up (Up In Here),DMX
Captain Hook,Megan Thee Stallion
Tip Toe,Roddy Ricch Featuring A Boogie Wit da Hoodie
Trance,"Metro Boomin, Travis Scott & Young Thug"
Outside (100 MPH),Meek Mill
Dance Monkey,Tones And I
Love You Different,Justin Bieber Featuring BEAM
Get Ugly,Lil Baby
Death,Melanie Martinez
Numb,Marshmello & Khalid
Titanic,Juice WRLD
"1 Step Forward, 3 Steps Back",Olivia Rodrigo
(There's No Place Like) Home For The Holidays (1959),Perry Como With Mitchell Ayers And His Orchestra
Solia,Bad Bunny
Wild As Her,Corey Kent
For A Nut,Future Featuring Gunna & Young Thug
7am On Bridle Path,Drake
Handle On You,Parker McCollum
Outta Time,Bryson Tiller Featuring Drake
Despecha,Rosalia
Starlight (Taylor's Version),Taylor Swift
"F*ck You, Goodbye",The Kid LAROI Featuring Machine Gun Kelly
Blue Christmas,Elvis Presley
Doin' This,Luke Combs
VIBEZ,DaBaby
Overdrive,Drake
Strangers By Nature,Adele
Like A Lady,Lady A
Session 33,Summer Walker
Te Felicito,Shakira & Rauw Alejandro
Blood All On It,Gucci Mane Featuring Key Glock & Young Dolph
Everybody,Mac Miller
No More Parties,Coi Leray Featuring Lil Durk
Ella Baila Sola,Eslabon Armado X Peso Pluma
No More Talk,Yeat
"Bzrp Music Sessions, Vol. 53",Bizarrap & Shakira
"10,000 Hours",Dan + Shay & Justin Bieber
RunItUp,"Tyler, The Creator Featuring Teezo Touchdown"
Black Summer,Red Hot Chili Peppers
Glad You Exist,Dan + Shay
Sticky,Drake
Thought I Was Playing,Gunna & 21 Savage
Rich Off Pain,"Lil Baby, Lil Durk & Rod Wave"
Track Star,Mooski
Heartache Medication,Jon Pardi
Bigger Than The Whole Sky,Taylor Swift
Down Home,Jimmie Allen
Mr. Right Now,21 Savage & Metro Boomin Featuring Drake
Who I Want,Lil Baby & Lil Durk
The Black Seminole.,Lil Yachty
I Don't Care,Ed Sheeran & Justin Bieber
Up The Side,"Lil Baby, Lil Durk & Young Thug"
CAN'T STOP,DaBaby
Freestyle,Rod Wave
Golden,Harry Styles
Rocking A Cardigan In Atlanta,Lil Shordie Scott
Myron,Lil Uzi Vert
Stick,JID & J. Cole Featuring Kenny Mason & Sheck Wes
Cold December,Rod Wave
Did Shit To Me,Lil Durk Featuring Doodie Lo
Toosie Slide,Drake
Got What I Got,Jason Aldean
Lost Cause,Billie Eilish
Jingle Bell Rock,Bobby Helms
China,"Anuel AA, Daddy Yankee, Karol G, Ozuna & J Balvin"
Thriller,Michael Jackson
Stupid Love,Lady Gaga
Stupid Again,Tory Lanez
August,Taylor Swift
Yellow Hearts,Ant Saunders
Where It Ends,Bailey Zimmerman
Thats What I Want,Lil Nas X
Nasty Girl / On Camera,Gunna
Believe,Meek Mill Featuring Justin Timberlake
Cuff It,Beyonce
Smokin Out The Window,Silk Sonic (Bruno Mars & Anderson .Paak)
RIP Luv,21 Savage & Metro Boomin
Un Coco,Bad Bunny
The Moment I Knew (Taylor's Version),Taylor Swift
Strike (Holster),Lil Yachty
Homesick,Kane Brown
Flowers,Lauren Spencer-Smith
I Love My Country,Florida Georgia Line
Make No Sense,YoungBoy Never Broke Again
Break Or Make Me,YoungBoy Never Broke Again
Greece,DJ Khaled Featuring Drake
The Light,Juice WRLD
Darkness,Eminem
Evermore,Taylor Swift Featuring Bon Iver
Lost,NF Featuring Hopsin
Pick Up Your Feelings,Jazmine Sullivan
Out Of Time,The Weeknd
Don't Go,"Skrillex, Justin Bieber & Don Toliver"
Vibe,TAEYANG Featuring Jimin
EPMD 2,Nas Featuring Eminem & EPMD
From The D 2 The LBC,Eminem & Snoop Dogg
The Lucky One (Taylor's Version),Taylor Swift
Grow Up/Keep It On Speaker,Lil Durk
GNF (OKOKOK),Polo G
She Knows This,Kid Cudi
Run It Up,Lil Tjay Featuring Offset & Moneybagg Yo
Next Thing You Know,Jordan Davis
Neighborhood Superstar,DaBaby & YoungBoy Never Broke Again
Manslaughter,Pop Smoke Featuring Rick Ross & The-Dream
This Love (Taylor's Version),Taylor Swift
Paid The Fine,Young Thug & Gunna Featuring Lil Baby & YTB Trench
Calling My Name,Drake
One Man Band,Old Dominion
Circles,Mac Miller
2040,Lil Baby & Lil Durk
Show Out,"Kid Cudi, Skepta & Pop Smoke"
Bought A Bad Bitch,Future & Lil Uzi Vert
Trillionaire,Future Featuring YoungBoy Never Broke Again
Keith Whitley,Morgan Wallen
Flight's Booked,Drake
Do It To It,Acraze Featuring Cherish
Telepatia,Kali Uchis
On BS,Drake & 21 Savage
Me Vs Me,Moneybagg Yo
Why Would I Stop?,Big Sean
Good News,Mac Miller
Trampoline,SHAED
180 (Lifestyle),Morgan Wallen
Surface Pressure,Jessica Darrow
Goosebumps,Travis Scott & HVME
Gatubela,Karol G x Maldy
Botella Tras Botella,Gera MX + Christian Nodal
Lock On Me,"Metro Boomin, Travis Scott & Future"
Notice Me,SZA
Make Me Want To,Jimmie Allen
Intro (Hate On Me),Meek Mill
Lose Yourself,Eminem
Pussy & Millions,Drake & 21 Savage Featuring Travis Scott
I Hope You're Happy Now,Carly Pearce & Lee Brice
Churchill Downs,Jack Harlow Featuring Drake
When I'm Alone,Post Malone
Mother I Sober,Kendrick Lamar Featuring Beth Gibbons
Thought You Should Know,Morgan Wallen
In Da Getto,J Balvin & Skrillex
Creepin',"Metro Boomin, The Weeknd & 21 Savage"
The Man Who Loves You The Most,Zac Brown Band
High,The Chainsmokers
Infinity,Jaymes Young
I Do It,Lil Wayne Featuring Big Sean & Lil Baby
Puffin On Zootiez,Future
In My Head,Juice WRLD
I Can Show You,Lil Uzi Vert
Babe (Taylor's Version) (From The Vault),Taylor Swift
That's Facts,Lil Baby & Lil Durk
La Santa,Bad Bunny X Daddy Yankee
Whiskey Friends,Morgan Wallen
Trust Nothing,King Von Featuring Moneybagg Yo
Pushin P,Gunna & Future Featuring Young Thug
Death Ain't Easy,Lil Durk
Black,YoungBoy Never Broke Again
Dis-ease,BTS
Alone,Rod Wave
Detox,Lil Baby
Split,Yeat
Need A Favor,Jelly Roll
Snowflakes,Tom MacDonald
Perfect,Logic
Never Sleep,"NAV, Travis Scott & Lil Baby"
Rich Minion,Yeat
Waves,Luke Bryan
Hot Wind Blows,"Tyler, The Creator Featuring Lil Wayne"
Not Finished,Lil Baby
New N3on,Playboi Carti
Rich Shit,YoungBoy Never Broke Again
Oprah's Bank Account,"Lil Yachty, Drake & DaBaby"
Players,Coi Leray
Hand Me Downs,Mac Miller
Baby Sitter,DaBaby Featuring Offset
La Bachata,Manuel Turizo
Deep End Freestyle,Sleepy Hallow
Yikes,Nicki Minaj
Bad Boy,Juice WRLD & Young Thug
Straight To It,King Von Featuring Fivio Foreign
Last Last,Burna Boy
Pepas,Farruko
Sorry Not Sorry,"DJ Khaled Featuring Nas, JAY-Z & James Fauntleroy"
Umbrella,Rihanna Featuring Jay-Z
A-O-K,Tai Verdes
Pero Tu,Karol G & Quevedo
Joe,Luke Combs
P Power,Gunna Featuring Drake
Hot Shit,"Cardi B, Ye & Lil Durk"
Esta Cabron Ser Yo,Bad Bunny X Anuel AA
Seeing Green,"Nicki Minaj, Drake & Lil Wayne"
Summer Renaissance,Beyonce
Closer,Saweetie Featuring H.E.R.
Provenza,Karol G
Happy Holiday / The Holiday Season,Andy Williams
Fly As Me,Silk Sonic (Bruno Mars & Anderson .Paak)
Mafia,Travis Scott
Hold Your Own,YoungBoy Never Broke Again
Live Off My Closet,Lil Baby Featuring Future
Jump,DaBaby Featuring YoungBoy Never Broke Again
"Jealousy, Jealousy",Olivia Rodrigo
I Like Dat,T-Pain & Kehlani
Worst Day,Future
Bones,Imagine Dragons
Rapstar,Polo G
Woman,Doja Cat
Losses,Drake
Glitch,Taylor Swift
Gyalis,Capella Grey
Donda,Kanye West
The Way I Loved You (Taylor's Version),Taylor Swift
Meet Me At Our Spot,THE ANXIETY: WILLOW & Tyler Cole
What That Speed Bout!?,"Mike WiLL Made-It, Nicki Minaj & YoungBoy Never Broke Again"
Motive,Ariana Grande Featuring Doja Cat
Time Today,Moneybagg Yo
B.S.,Jhene Aiko Featuring H.E.R.
Yo Perreo Sola,Bad Bunny
Music For A Sushi Restaurant,Harry Styles
Dawns,Zach Bryan Featuring Maggie Rogers
Mr. Perfectly Fine (Taylor's Version) (From The Vault),Taylor Swift
Can I,Kehlani Featuring Tory Lanez
Haciendo Que Me Amas,Bad Bunny
Lil Bit,Nelly & Florida Georgia Line
SUVs (Black On Black),Jack Harlow & Pooh Shiesty
Forever,Lil Baby Featuring Lil Wayne
Dead Right Now,Lil Nas X
Shots Fired,Megan Thee Stallion
What A Man Gotta Do,Jonas Brothers
TKN,Rosalia & Travis Scott
Please Come Home For Christmas,Eagles
Tick Tock,Young Thug
Death Bed,Powfu Featuring beabadoobee
Flooded,Gunna
Slut Me Out,NLE Choppa
I'm Ready,Sam Smith & Demi Lovato
How It Feels,Lil Baby & Lil Durk
New Truck,Dylan Scott
Beer Can't Fix,Thomas Rhett Featuring Jon Pardi
Outside,MO3 X OG Bobby Billions
This Bar,Morgan Wallen
Stay Alive,Jung Kook
Young Harleezy,Jack Harlow
Last Night Lonely,Jon Pardi
Carolina,Taylor Swift
Spicy,Ty Dolla $ign Featuring Post Malone
I'd Do Anything To Make You Smile,Jack Harlow
Suicidal,YNW Melly & Juice WRLD
U Played,MoneyBagg Yo Featuring Lil Baby
Tap In,Saweetie
I Wish You Roses,Kali Uchis
DND,Polo G
When I'm Gone,Alesso / Katy Perry
Underneath The Tree,Kelly Clarkson
Box Of Churches,Pooh Shiesty Featuring 21 Savage
No Switch,YoungBoy Never Broke Again
Exile,Taylor Swift Featuring Bon Iver
Better Days,NEIKED X Mae Muller X Polo G
Desires,Drake Featuring Future
5 Foot 9,Tyler Hubbard
PTSD,"G Herbo Featuring Chance The Rapper, Juice WRLD & Lil Uzi Vert"
Me (FWM),Meek Mill Featuring A$AP Ferg
Dying Man,Morgan Wallen
Higher Power,Coldplay
We're Good,Dua Lipa
West Side,Ariana Grande
Fearless (Taylor's Version),Taylor Swift
Scoop,Lil Nas X Featuring Doja Cat
Before You Go,Lewis Capaldi
Cozy,Beyonce
The Very First Night (Taylor's Version) (From The Vault),Taylor Swift
No Time To Die,Billie Eilish
Sofia,Clairo
Feel Me,Selena Gomez
New Again,Kanye West
Hate The Other Side,Juice WRLD & Marshmello Featuring Polo G & The Kid LAROI
Low,SZA
About Damn Time,Lizzo
Drinking Alone,Carrie Underwood
Trapped In The Sun,Future
Bloody Canvas,Polo G
Happiness Over Everything (H.O.E.),Jhene Aiko Featuring Future & Miguel
The 1,Taylor Swift
Virgo's Groove,Beyonce
Escape Plan,Travis Scott
Scared To Live,The Weeknd
I Almost Do (Taylor's Version),Taylor Swift
Lemon Tree,Post Malone
Cross Roads,YoungBoy Never Broke Again
Manifesto,"Tyler, The Creator Featuring Domo Genesis"
7 Days,YoungBoy Never Broke Again
Bout A Million,Pop Smoke Featuring 21 Savage & 42 Dugg
Rich N*gga Sh*t,21 Savage & Metro Boomin Featuring Young Thug
Tomorrow Me,Luke Combs
Blind,DaBaby Featuring Young Thug
Bean (Kobe),Lil Uzi Vert Featuring Chief Keef
Son Of A Sinner,Jelly Roll
Lokera,"Rauw Alejandro, Lyanno & Brray"
Those Kinda Nights,Eminem Featuring Ed Sheeran
B*tch From da Souf,Mulatto
Ride It.,Regard
No Judgement,Niall Horan
Pure Souls,Kanye West
Toxic Punk,YoungBoy Never Broke Again
The Kind Of Love We Make,Luke Combs
Peru,Fireboy DML & Ed Sheeran
Stone Rolling,Rod Wave
Posted With Demons,Future
Private Landing,Don Toliver Featuring Justin Bieber & Future
Chemical,Post Malone
Gone Girl,SZA
More Time,Pop Smoke
Unaccommodating,Eminem Featuring Young M.A
Seek & Destroy,SZA
Do We Have A Problem?,Nicki Minaj X Lil Baby
Diamonds,YoungBoy Never Broke Again
Jail,Kanye West
World's Smallest Violin,AJR
Go Crazy,Chris Brown & Young Thug
Rags2Riches,Rod Wave Featuring ATR Son Son
Don't Stop,Megan Thee Stallion Featuring Young Thug
Hit Bout It,Lil Yachty Featuring Kodak Black
Hold My Hand,Lady Gaga
Matt Hardy 999,Trippie Redd Featuring Juice WRLD
Fine By Time,YoungBoy Never Broke Again
Santa Claus Is Comin' To Town,Jackson 5
Crown,Kendrick Lamar
Numbers,"A Boogie Wit da Hoodie Featuring Roddy Ricch, Gunna & London On Da Track"
To Die For,Sam Smith
Things A Man Oughta Know,Lainey Wilson
Killer,Eminem Featuring Jack Harlow & Cordae
Even Though I'm Leaving,Luke Combs
"Wine, Beer, Whiskey",Little Big Town
Waterfall Flow,Lil Baby
My Future,Billie Eilish
Stepdad,Eminem
Lithuania,Big Sean Featuring Travis Scott
Happy,NF
Over,Lucky Daye
Six Feet Apart,Luke Combs
I Remember,Rod Wave
F150-50,Morgan Wallen
Memories,Maroon 5
Super Freaky Girl,Nicki Minaj
Bigger Than Life,Lil Uzi Vert
Mistletoe,Justin Bieber
Psychofreak,Camila Cabello Featuring WILLOW
Gnat,Eminem
Single Saturday Night,Cole Swindell
Homecoming,Lil Uzi Vert
The Jackie,Bas With J. Cole & Lil TJay
Sweet Nothing,Taylor Swift
WHAT TO DO?,JACKBOYS Featuring Don Toliver
Summer Of Love,Shawn Mendes & Tainy
I Did It,"DJ Khaled Featuring Post Malone, Megan Thee Stallion, Lil Baby & DaBaby"
Trap This Way (This Way),Lil Uzi Vert
"I Am Not A Woman, I'm A God",Halsey
Thique,Beyonce
Don't Start Now,Dua Lipa
Black Parade,Beyonce
Christmas (Baby Please Come Home),Darlene Love
The Man,Taylor Swift
Rumors,Gucci Mane Featuring Lil Durk
Russian Roulette,Lil Baby
Am I The Only One,Aaron Lewis
Ain't That Some,Morgan Wallen
Master Of Puppets,Metallica
I Wish,Kodak Black
Your Bartender,Morgan Wallen
AM,Nio Garcia X J Balvin X Bad Bunny
From Florida With Love,Drake
Happy Xmas (War Is Over),John Legend
Golden Hour,JVKE
Privileged Rappers,Drake & 21 Savage
I Love You So,The Walters
Clouds,NF
Epiphany,Taylor Swift
Run BTS,BTS
Corso,"Tyler, The Creator"
I Am Woman,Emmy Meli
Graveyard,Halsey
Ghostbusters,Ray Parker Jr.
You Broke Me First.,Tate McRae
Die Alone,Gunna & Chris Brown Featuring Yung Bleu
In The Stars,Benson Boone
Thug Of Spades,YoungBoy Never Broke Again Featuring DaBaby
Stay Stay Stay (Taylor's Version),Taylor Swift
I Called Mama,Tim McGraw
Hard Days,Brantley Gilbert
Better Together,Luke Combs
Lo Siento BB:/,"Tainy, Bad Bunny & Julieta Venegas"
Major Distribution,Drake & 21 Savage
Funeral,Lil Wayne
Rough Ryder,YoungBoy Never Broke Again
Escapism,RAYE Featuring 070 Shake
Grapejuice,Harry Styles
Dive Bar,Garth Brooks & Blake Shelton
His & Hers,"Internet Money, Don Toliver & Lil Uzi Vert Featuring Gunna"
Hope,NF
Intentions,Justin Bieber Featuring Quavo
Careful,NF & Cordae
Adderall (Corvette Corvette),Popp Hunna
Party Girl,StaySolidRocky
Blood On My Jeans,Juice WRLD
"Santa, Can't You Hear Me",Kelly Clarkson & Ariana Grande
Niagara Falls (Foot Or 2),"Metro Boomin, Travis Scott & 21 Savage"
Titi Me Pregunto,Bad Bunny
Pills & Billz,Rod Wave
Kiss Me More,Doja Cat Featuring SZA
Tell The Vision,Pop Smoke Featuring Kanye West & Pusha T
Walk Em Down,NLE Choppa Featuring Roddy Ricch
See Wat I'm Sayin,Moneybagg Yo
Skate,Silk Sonic (Bruno Mars & Anderson .Paak)
Bad Bitch From Tokyo (Intro),Pop Smoke
The First Noel,Gabby Barrett
29,Demi Lovato
Blick Blick!,Coi Leray & Nicki Minaj
Forever Winter (Taylor's Version) (From The Vault),Taylor Swift
More M's,Drake & 21 Savage
Ain't Easy,YoungBoy Never Broke Again
Leaving Heaven,Eminem Featuring Skylar Grey
Beers On Me,"Dierks Bentley, BRELAND & HARDY"
Screwin,Summer Walker & Omarion
"Bzrp Music Sessions, Vol. 52",Bizarrap & Quevedo
The Greatest,Rod Wave
Lost In The Citadel,Lil Nas X
Urgency,Lil Uzi Vert Featuring Syd
Finesse Out The Gang Way,Lil Durk Featuring Lil Baby
Yummy,Justin Bieber
Ain't Safe,Trippie Redd & Don Toliver
Prisoner,Miley Cyrus Featuring Dua Lipa
Girls Want Girls,Drake Featuring Lil Baby
Walk Em Down (Don't Kill Civilians),Metro Boomin & 21 Savage Featuring Mustafa
Chosen,Blxst & Tyga Featuring Ty Dolla $ign
Red,HARDY Featuring Morgan Wallen
Started From,Lil Durk
Shivers,Ed Sheeran
Cry Your Heart Out,Adele
Bandit,Juice WRLD & YoungBoy Never Broke Again
Pressure,Ari Lennox
War,Drake
Hotel Lobby (Unc And Phew),Quavo & Takeoff
Keep My Spirit Alive,Kanye West
Coney Island,Taylor Swift Featuring The National
Blue World,Mac Miller
Shotta Flow 5,NLE Choppa
Take My Breath,The Weeknd
Evergreen,Omar Apollo
Get Ready,Rod Wave Featuring Kodak Black
Devil Don't Know,Morgan Wallen
Leave Em Alone,"Layton Greene, Lil Baby, City Girls & PnB Rock"
Having Our Way,Migos Featuring Drake
Heart Of A Giant,Polo G Featuring Rod Wave
In Your Eyes,The Weeknd
In Too Deep,Eminem
Money So Big,Yeat
Woo Baby,Pop Smoke Featuring Chris Brown
Jerry Sprunger,Tory Lanez & T-Pain
Painting Pictures,Superstar Pride
That's It,Future & Lil Uzi Vert
I'm On One,Future Featuring Drake
Rolling Stone,Brent Faiyaz
Lovin' On You,Luke Combs
Growin' Up And Gettin' Old,Luke Combs
Worldwide Beautiful,Kane Brown
Me + All Your Reasons,Morgan Wallen
Home Ain't Home,YoungBoy Never Broke Again Featuring Rod Wave
On The Ground,ROSE
If I Didn't Love You,Jason Aldean & Carrie Underwood
Maybach,42 Dugg Featuring Future
Toxic,Polo G
Supalonely,BENEE Featuring Gus Dapperton
Epidemic,Polo G
Famous Friends,Chris Young + Kane Brown
Miss The Rage,Trippie Redd & Playboi Carti
Betrayal,Trippie Redd Featuring Drake
X,Jonas Brothers Featuring Karol G
Praise God,Kanye West
Top Sound,YoungBoy Never Broke Again
Fast Car,Luke Combs
You're Mines Still,Yung Bleu Featuring Drake
Obvious,Ariana Grande
Die 4 Me,Halsey
Hard For The Next,Moneybagg Yo & Future
Alotta Cake,Gunna
Marsh,Eminem
Last Christmas,Wham!
Little Freak,Harry Styles
The Great War,Taylor Swift
Right On,Lil Baby
Usain Boo,Kodak Black
Dis & That,YoungBoy Never Broke Again
23,Sam Hunt
What Happened To Virgil,Lil Durk Featuring Gunna
SkyBox,Gunna
Tarot,Bad Bunny & Jhay Cortez
Miss You,Oliver Tree & Robin Schulz
Blue Note$ II,Meek Mill Featuring Lil Uzi Vert
Body,Megan Thee Stallion
All Of The Girls You Loved Before,Taylor Swift
Until I Bleed Out,The Weeknd
Boyfriend,Dove Cameron
Watch This (ARIZONATEARS Pluggnb Remix),Lil Uzi Vert
Girl Like Me,Black Eyed Peas X Shakira
Aim For The Moon,Pop Smoke Featuring Quavo
Somebody's Problem,Morgan Wallen
No Sucker,Lil Baby & Moneybagg Yo
One Of Them Girls,Lee Brice
Tennessee Numbers,Morgan Wallen
Rudolph The Red-Nosed Reindeer,Gene Autry
Holy Ghost,Future
Nice To Meet Ya,Meghan Trainor Featuring Nicki Minaj
Love Of My Life,Harry Styles
Tragic,The Kid LAROI Featuring YoungBoy Never Brok Again & Internet Money
Masterpiece,DaBaby
Thot Shit,Megan Thee Stallion
Painting Pictures,Polo G
Billie Bossa Nova,Billie Eilish
Cash In Cash Out,"Pharrell Williams Featuring 21 Savage & Tyler, The Creator"
Dolla Sign Slime,Lil Nas X Featuring Megan Thee Stallion
Me Porto Bonito,Bad Bunny & Chencho Corleone
Party Lyfe,Polo G Featuring DaBaby
Worldwide Steppers,Kendrick Lamar
Efecto,Bad Bunny
No Auto,Lil Uzi Vert Featuring Lil Durk
Off My Face,Justin Bieber
Breaking Up Was Easy In The 90's,Sam Hunt
Hrs And Hrs,Muni Long
PRC,Peso Pluma X Natanael Cano
La Jeepeta,Nio Garcia x Anuel AA x Myke Towers x Brray x Juanka
Mamacita,"Black Eyed Peas, Ozuna + J.Rey Soul"
Sir Baudelaire,"Tyler, The Creator Featuring DJ Drama"
Yungen,Rod Wave Featuring Jack Harlow
Who's In Your Head,Jonas Brothers
My Little Love,Adele
River,Miley Cyrus
Throat Baby (Go Baby),BRS Kash
See You Again,"Tyler, The Creator Featuring Kali Uchis"
Tusa,Karol G & Nicki Minaj
Don't Go Yet,Camila Cabello
Blue & Grey,BTS
pov,Ariana Grande
Out West,JACKBOYS Featuring Young Thug
Gone,Dierks Bentley
Beso,Rosalia & Rauw Alejandro
Champagne Poetry,Drake
God Did,"DJ Khaled Featuring Rick Ross, Lil Wayne, JAY-Z, John Legend & Fridayy"
Daechwita,Agust D
Ride For You,Meek Mill Featuring Kehlani
Enemies,Post Malone Featuring DaBaby
Conversations,Juice WRLD
Static,Steve Lacy
Like Crazy,Jimin
Nothing New (Taylor's Version) (From The Vault),Taylor Swift Featuring Phoebe Bridgers
Liability,Drake
Enough For You,Olivia Rodrigo
Dat Right There,"Summer Walker, Pharrell Williams & The Neptunes"
Switch A N*gga Out,Summer Walker
Tunnel Vision (Outro),Pop Smoke
Wolves,Big Sean Featuring Post Malone
Turks,"NAV, Gunna & Travis Scott"
Errbody,Lil Baby
Deck The Halls,Nat King Cole
Beautiful Trip,Kid Cudi
Physical,Dua Lipa
La Bebe,Yng Lvcas x Peso Pluma
Not Enough,Juice WRLD
Venetia,Lil Uzi Vert
How The Game Go,Rod Wave
Talk,Yeat
To Be Loved,Adele
My Hair,Ariana Grande
Without You,Luke Combs Featuring Amanda Shires
Everywhere But On,Matt Stell
What's Love??,Rod Wave
Oklahoma Smoke Show,Zach Bryan
Permission To Dance,BTS
Truth About You,Mitchell Tenpenny
Can't Explain,Lil Baby
Tolerate It,Taylor Swift
The Other Girl,Kelsea Ballerini x Halsey
Blow,Moneybagg Yo
Maybe,Machine Gun Kelly & Bring Me The Horizon
interlude,J. Cole
Handsomer,Russ Featuring Ktlyn
Big 14,"Trippie Redd, Moneybagg Yo & Offset"
Boom,Polo G
Half Of My Hometown,Kelsea Ballerini Featuring Kenny Chesney
One Big Country Song,LOCASH
Be Something,Polo G Featuring Lil Baby
City Of Gods,"Fivio Foreign, Kanye West & Alicia Keys"
24 Hours,A Boogie Wit da Hoodie Featuring Lil Durk
Love/Hate Letter To Alcohol,Post Malone Featuring Fleet Foxes
What You Know Bout Love,Pop Smoke
Hot,Meek Mill Featuring Moneybagg Yo
BLAME IT ON BABY,DaBaby
Popstar,DJ Khaled Featuring Drake
On The Street,j-hope With J. Cole
Back End,Finesse2Tymes
Final Warning,NLE Choppa
No Love,Summer Walker & SZA
Out In The Middle,Zac Brown Band
Dirt,Key Glock
Steal My Love,Dan + Shay
Okay,Lil Baby & Lil Durk
Nonsense,Sabrina Carpenter
AMG,"Gabito Ballesteros, Peso Pluma & Natanael Cano"
I Ain't Worried,OneRepublic
Lovesick Girls,BLACKPINK
Juicy,Doja Cat & Tyga
How You Like That,BLACKPINK
I Don't Do Drugs,Doja Cat Featuring Ariana Grande
Princess Diana,Ice Spice & Nicki Minaj
All Dat,Moneybagg Yo X Megan Thee Stallion
Until I Found You,Stephen Sanchez
Soy El Unico,Yahritza y Su Esencia
Rich Flex,Drake & 21 Savage
X Si Volvemos,Karol G x Romeo Santos
Forever,Justin Bieber Featuring Post Malone & Clever
GANG GANG,JACKBOYS & Sheck Wes
Know Your Worth,Khalid x Disclosure
Big Gangsta,Kevin Gates
In A Minute,Lil Baby
You & Me,Gunna & Chloe
Anyone,Justin Bieber
So Done,The Kid LAROI
Down Hill,Drake
Mahogany,Lil Wayne
Motley Crew,Post Malone
Safety Net,Ariana Grande Featuring Ty Dolla $ign
We Go Up,Nicki Minaj & Fivio Foreign
Wasting Angels,Post Malone Featuring The Kid LAROI
Therefore I Am,Billie Eilish
Fiel,"Los Legendarios, Wisin & Jhay Cortez"
Mirrorball,Taylor Swift
Unstoppable,Sia
Twerkulator,City Girls
The Last Great American Dynasty,Taylor Swift
When To Say When,Drake
Dynamite,BTS
Rodeo,Lil Nas X & Cardi B Or Nas
Sorry Not Sorry,"Tyler, The Creator"
Whats Poppin,"Jack Harlow Featuring DaBaby, Tory Lanez & Lil Wayne"
Blinding Lights,The Weeknd
Monster,Shawn Mendes & Justin Bieber
Lose Somebody,Kygo & OneRepublic
Almost Maybes,Jordan Davis
Whole Lotta Money,BIA Featuring Nicki Minaj
I Hope,Gabby Barrett Featuring Charlie Puth
Lose You To Love Me,Selena Gomez
Her,Megan Thee Stallion
Don't Need Friends,NAV Featuring Lil Baby
I'm Good (Blue),David Guetta & Bebe Rexha
Un x100to,Grupo Frontera X Bad Bunny
Demon Time,Trippie Redd Featuring Ski Mask The Slump God
Hate The Way,G-Eazy Featuring blackbear
Booker T,Bad Bunny
Linus And Lucy (Peanuts Theme),Vince Guaraldi Trio
Mind Of Melvin,YNW Melly Featuring Lil Uzi Vert
Life Support,YoungBoy Never Broke Again
All Bad,Future Featuring Lil Uzi Vert
amari,J. Cole
Like That,Doja Cat Featuring Gucci Mane
Ballin',Mustard & Roddy Ricch
Broadway Girls,Lil Durk Featuring Morgan Wallen
Pick Out A Christmas Tree,Dan + Shay
Money On Me,Morgan Wallen
Rockin' Around The Christmas Tree,Justin Bieber
Long Live,Florida Georgia Line
Man Of My Word,Lil Baby & Lil Durk
The Adventures Of Moon Man & Slim Shady,Kid Cudi & Eminem
Hate Me,Ellie Goulding & Juice WRLD
Outlaw,Morgan Wallen Featuring Ben Burgess
Me And My Guitar,A Boogie Wit da Hoodie
Die From A Broken Heart,Maddie & Tae
Wants And Needs,Drake Featuring Lil Baby
What If I Never Get Over You,Lady Antebellum
I'll Be Home For Christmas,Camila Cabello
Sin Fin,Romeo Santos & Justin Timberlake
The Box,Roddy Ricch
Junya,Kanye West
Eat Your Young,Hozier
Wild Hearts,Keith Urban
All Mine,Brent Faiyaz
Whiskey'd My Way,Morgan Wallen
Type Shit,Migos & Cardi B
Halley's Comet,Billie Eilish
Big Energy,Latto
Praise The Lord,BRELAND Featuring Thomas Rhett
Insane,Summer Walker
Mr. Morale,Kendrick Lamar & Tanna Leone
MP5,Trippie Redd Featuring SoFaygo
Film Out,BTS
Satellite,Harry Styles
Diamonds,Rihanna
Easy,DaniLeigh Featuring Chris Brown
Still Chose You,The Kid LAROI Featuring Mustard
I Know,YoungBoy Never Broke Again
Woah,Lil Baby
Livin Wild,Gunna
Letter To Nipsey,Meek Mill Featuring Roddy Ricch
My Time,BTS
Rap Freaks,Yung Miami
Heal Your Heart (Interlude),Brent Faiyaz
Me Gusta,Anitta Featuring Cardi B & Myke Towers
Cowgirls,Morgan Wallen Featuring ERNEST
Tommy Lee,Tyla Yaweh & Post Malone
Por Las Noches,Peso Pluma
Be A Light,"Thomas Rhett Featuring Reba McEntire, Hillary Scott, Chris Tomlin & Keith Urban"
Santa Tell Me,Ariana Grande
Shock Da World,Rod Wave
Toxic,YG
Long Story Short,Taylor Swift
Good 4 U,Olivia Rodrigo
Scrape It Off,Pusha T Featuring Lil Uzi Vert & Don Toliver
Nevada,YoungBoy Never Broke Again
Woman Like Me,Adele
BEST ON EARTH,Russ & BIA
Do It Again,NLE Choppa & 2Rare
This Christmas,Donny Hathaway
Dear Reader,Taylor Swift
Poke It Out,Wale Featuring J. Cole
Holy Smokes,Trippie Redd Featuring Lil Uzi Vert
Far,SZA
I Wrote The Book,Morgan Wallen
Moon,Kanye West
Gold,Dierks Bentley
Is There Someone Else?,The Weeknd
Eazy,The Game & Kanye West
"Let It Snow, Let It Snow, Let It Snow",Dean Martin
Umbrella,"Metro Boomin, 21 Savage & Young Nudy"
Girl Of My Dreams,Rod Wave
Broken Promises,Summer Walker
Ramen & OJ,Joyner Lucas & Lil Baby
Bichiyal,Bad Bunny & Yaviah
Seven,Taylor Swift
Never Left,Lil Tecca
Daydreaming,Harry Styles
A Keeper,Drake
let.go.my.hand,"J. Cole, Bas & 6LACK"
Church Girl,Beyonce
Blindfold,Gunna Featuring Lil Baby
Sincerely,YoungBoy Never Broke Again
Die Hard,"Kendrick Lamar, Blxst & Amanda Reifer"
Time Flies,Drake
Toxic,Summer Walker Featuring Lil Durk
Blue Christmas,Kane Brown
Bad Guy,Billie Eilish
Butter,BTS
My Window,YoungBoy Never Broke Again Featuring Lil Wayne
Soul,Lee Brice
God Breathed,Kanye West
Still Runnin,"Lil Baby, Lil Durk & Meek Mill"
Heartbreak Anniversary,Giveon
Real Shit,Juice WRLD x benny blanco
Loco Contigo,"DJ Snake, J. Balvin & Tyga"
Got The Guap,Lil Uzi Vert Featuring Young Thug
Voodoo,Future Featuring Kodak Black
Got It On Me,Pop Smoke
Peace,Taylor Swift
Solitaires,Future Featuring Travis Scott
Forget Me,Lewis Capaldi
Dos Oruguitas,Sebastian Yatra
Long RD,YoungBoy Never Broke Again
Dicked Down In Dallas,Trey Lewis
Lets Link,WhoHeem
Truth Hurts,Lizzo
Past Life,Trevor Daniel x Selena Gomez
Thinking 'Bout You,Dustin Lynch Featuring Lauren Alaina Or MacKenzie Porter
Run,Joji
Just The Way,Parmalee x Blanco Brown
Industry Baby,Lil Nas X & Jack Harlow
Tennessee Orange,Megan Moroney
Underdog,Alicia Keys
Beautiful,DJ Khaled Featuring Future & SZA
Sad Girlz Luv Money,Amaarae & Moliy Featuring Kali Uchis
Father Time,Kendrick Lamar Featuring Sampha
U-Digg,"Lil Baby, 42 Dugg & Veeze"
Cost To Be Alive,Lil Baby & Rylo Rodriguez
No Friends In The Industry,Drake
Smoking & Thinking,Lil Durk
Pick Me Up,Gabby Barrett
Moonlight,Kali Uchis
More,j-hope
Banking On Me,Gunna
7500 OBO,Tim McGraw
Christmastime Is Here,Vince Guaraldi Trio
The Astronaut,JIN
Peepin Out The Window,Young Thug With Future & BSlime
Vegas,Doja Cat
Savage,Megan Thee Stallion
Roxanne,Arizona Zervas
Way Less Sad,AJR
Christmas Tree Farm (Old Timey Version),Taylor Swift
Make It Rain,Pop Smoke Featuring Rowdy Rebel
Dreams,Fleetwood Mac
Never Hating,Lil Baby & Young Thug
I Can't Take It Back,YoungBoy Never Broke Again
Lifestyle,Jason Derulo Featuring Adam Levine
Hallelujah,Carrie Underwood & John Legend
Love You Like I Used To,Russell Dickerson
I Want It,Juice WRLD
Dead Trollz,YoungBoy Never Broke Again
Thinkin' Bout Me,Morgan Wallen
Un Dia (One Day),"J Balvin, Dua Lipa, Bad Bunny & Tainy"
Harlem Shake,Future Featuring Young Thug
Level Of Concern,twenty one pilots
Diamonds Dancing,Young Thug & Gunna Featuring Travis Scott
Lonely,Justin Bieber & benny blanco
West Coast Shit,Pop Smoke Featuring Tyga & Quavo
Iris,Phoebe & Maggie
Someday At Christmas,Lizzo
Practice,DaBaby
All The Money (Bonus),Metro Boomin & Gunna
Bam Bam,Camila Cabello Featuring Ed Sheeran
Am I Dreaming,Lil Nas X Featuring Miley Cyrus
Love Nwantiti (Ah Ah Ah),CKay
Hold Me Down,YoungBoy Never Broke Again
Ensename A Bailar,Bad Bunny
Happy Does,Kenny Chesney
Nobody Like U,4*TOWN (From Disney And Pixar's Turning Red)
The Code,King Von Featuring Polo G
I Drink Wine,Adele
South To West,Gunna
Si Veo A Tu Mama,Bad Bunny
5 Leaf Clover,Luke Combs
Gucci Los Panos,Karol G
Met Him Last Night,Demi Lovato Featuring Ariana Grande
Shut Up My Moms Calling,Hotel Ugly
Tampa,Cico P
Happy Xmas (War Is Over),John & Yoko/The Plastic Ono Band With The Harlem Community Choir
Fin de Semana,Junior H X Oscar Maydon
Heyy,Lil Baby
Habitual,Justin Bieber
Dior,Pop Smoke
Igualito A Mi Apa,Fuerza Regida & Peso Pluma
Drunk (And I Don't Wanna Go Home),Elle King & Miranda Lambert
Sand In My Boots,Morgan Wallen
Papi's Home,Drake
Silent Night,Carrie Underwood
King Of My City,A Boogie Wit da Hoodie
Ghost Story,Carrie Underwood
I Wish Grandpas Never Died,Riley Green
Circo Loco,Drake & 21 Savage
Love Me More,Sam Smith
Dawn FM,The Weeknd
Just Like Magic,Ariana Grande
Talk,Khalid
Rise!,"Tyler, The Creator Featuring Daisy World"
OK Not To Be OK,Marshmello & Demi Lovato
I Can See,Mac Miller
Tequila Shots,Kid Cudi
No Idea,Don Toliver
Dollaz On My Head,Gunna Featuring Young Thug
Plastic,Future & Lil Uzi Vert
Bleed,A Boogie Wit da Hoodie
Might Not Give Up,A Boogie Wit da Hoodie Featuring Young Thug
Sure Thing,Miguel
Good Girl Gone Missin',Morgan Wallen
Flower Shops,ERNEST Featuring Morgan Wallen
Circus,Summer Walker
Pain Away,Meek Mill Featuring Lil Durk
Pink Venom,BLACKPINK
SOS,SZA
I Didn't Change My Number,Billie Eilish
Moved To Miami,Roddy Ricch Featuring Lil Baby
Lying,Lil Baby & Lil Durk
Last Time I Say Sorry,Kane Brown & John Legend
Rose Colored Lenses,Miley Cyrus
Good Love,City Girls & Usher
Sometimes,Juice WRLD
Bust Me,Lil Uzi Vert
Call Me Everyday,Chris Brown Featuring WizKid
Opp Stoppa,YBN Nahmir Featuring 21 Savage
Conversations In The Dark,John Legend
Complete Mess,5 Seconds Of Summer
Purple Hearts,"Kendrick Lamar, Summer Walker & Ghostface Killah"
TALK ABOUT IT,DaBaby
Marjorie,Taylor Swift
Die For You,Justin Bieber Featuring Dominic Fike
20/20,Lil Tjay
Smoking On My Ex Pack,SZA
El Azul,Junior H x Peso Pluma
Heart To Heart,Mac DeMarco
Homemade,Jake Owen
Glock In My Lap,21 Savage & Metro Boomin
Cairo,Karol G & Ovy On The Drums
Just About Over You,Priscilla Block
The Woo,Pop Smoke Featuring 50 Cent & Roddy Ricch
Invisible String,Taylor Swift
Lemonade,Internet Money & Gunna Featuring Don Toliver & NAV
Emotionally Scarred,Lil Baby
Heartless,The Weeknd
MOTW,Gunna
Slidin,21 Savage & Metro Boomin
Deep Reverence,Big Sean Featuring Nipsey Hussle
Facetime,King Von Featuring G Herbo
Protect da Brand,Moneybagg Yo Featuring DaBaby
Lumberjack,"Tyler, The Creator"
Die For You,Joji
21,Polo G
Wait In The Truck,HARDY Featuring Lainey Wilson
Tom's Diner,AnnenMayKantereit & Giant Rooks
El Apagon,Bad Bunny
If I Was A Cowboy,Miranda Lambert
What She Wants Tonight,Luke Bryan
Dirty Stick,YoungBoy Never Broke Again
Lost Soul Survivor,YoungBoy Never Broke Again
In Between,Scotty McCreery
Come Back As A Country Boy,Blake Shelton
I Know It,Rod Wave
God Whispered Your Name,Keith Urban
Panini,Lil Nas X
